crude_api,sulfur_pct,tbp_50,tbp_90,feed_rate,reflux_ratio,furnace_temp,pressure_col,naphtha_yield
37.454011884736246,18.513292883861965,26.170568373590598,67.2702994208898,57.19958782835928,39.363552027744205,64.8256954077822,3.879945472888746,41.25225177541697
95.07143064099162,54.190094737835814,24.697879907199983,79.66813971913723,80.54323292999864,47.34356593750214,17.238636210516624,18.677252823112934,54.43415170231974
73.1993941811405,87.29458358764083,90.62545805210367,25.046789879249896,76.01609297901591,85.45473932021804,87.23945633548149,83.12458050899426,72.10545190719895
59.86584841970366,73.22248864095612,24.95461998495061,62.48740996069989,15.389990469377368,34.00043860598922,61.311623906924154,76.67683563383358,52.94557256413742
15.601864044243651,80.65611478614497,27.1949726128631,57.17459831437487,14.92494697414739,86.96496848121713,15.720388355695425,35.06426914571469,40.0417080796569
15.599452033620265,65.87833667107174,75.93982624179637,83.28303767882711,26.817436774491334,8.813443097669149,96.23380574812069,37.681062777421246,52.99475120184281
5.8083612168199465,69.22765645178525,44.973984245054,90.60870604812605,36.10747263410372,77.67984372086308,51.83654633353206,53.35544335535795,53.56285876537243
86.61761457749351,84.91956515653193,77.67105569551812,1.2156771477386807,40.84555814084826,84.75476330547363,7.289845187165501,0.02410046851345493,47.974823588072375
60.11150117432088,24.966800885918595,6.536615756438524,67.40199190587927,67.96972168333453,18.181765283733874,62.68329044150672,24.124433603802785,41.12681979302446
70.80725777960456,48.942496364314046,48.75711936733843,5.1835799119729025,5.66804321658354,43.03465323722004,25.31989070128102,20.823180860821445,35.991286088358976
2.0584494295802447,22.120944181960223,3.3613600183282633,54.88586650773559,3.4672704226066386,16.54997746636556,80.36934518773025,25.048294674976347,23.503512461110333
96.99098521619943,98.7668007996647,6.265320345535452,28.76327290436782,39.191056294390904,70.66041289942177,81.78220735661907,80.59058425334413,64.09201068616292
83.24426408004217,94.40593396866133,90.64374533444109,30.67765995221412,69.71636921379805,53.534776806165674,97.89473558546618,27.967385654644318,70.71326915420822
21.233911067827616,3.94268113685059,13.924537111759516,35.29585034523566,19.343534295648258,63.5323346708321,50.186953102450374,19.152132205014816,29.759171903033188
18.182496720710063,70.55751725156884,53.24206822752171,62.12924490496101,64.15044812562518,19.648696695621116,45.495687972773716,50.42634607930315,52.62846107590744
18.34045098534338,92.52483174156659,41.10956026007065,33.40499656687692,25.982813794029948,21.17458620524195,75.34756054464806,86.56450363727319,48.24826944143193
30.42422429595377,18.057534512733355,34.73433262588427,73.26990505902803,88.60861088135164,4.149732550990636,13.247065634192657,24.134970383749987,37.742906638172606
52.475643163223786,56.79452305526295,89.98333456872724,40.45273855738697,89.56899442666165,32.20675351957297,54.69155137931242,7.853624279279869,52.79121409799565
43.194501864211574,91.54882975880419,2.18233967754895,6.835320030995861,29.72872042813265,55.97446613336749,54.624760013085094,35.64047358496647,42.43298858909437
29.122914019804192,3.394597858579884,66.37896861755891,78.37598424841073,22.99937539632405,85.79349139973289,8.947312281038721,74.76518245649778,46.20685029330065
61.18528947223795,69.742026724684,96.33944342135504,28.5758324592706,41.13039720662313,66.69274474586807,41.798408550691356,55.06905446947946,56.79089806755126
13.949386065204184,29.734900737255078,56.016818346184195,43.276687959926264,24.05315851801487,43.53963233997514,85.3284798567202,81.67933695743474,49.80944450533259
29.214464853521815,92.43961953765304,93.68224620330918,68.54438832219016,67.23838432917036,95.31201143941378,85.61536219946603,95.9592147609234,77.51758757766811
36.63618432936917,97.10582451653677,5.225787928602377,33.2456157148712,82.60646845482856,71.92452005758318,9.9237664919681,79.26624767516171,49.16635037831402
45.606998421703594,94.42664891134339,41.87933190741614,5.658565614671563,67.3092130911217,93.016520286255,9.072088274783086,60.38030788437534,51.13501553261107
78.51759613930136,47.42142166574638,26.015779096205115,37.39210470128136,82.43504472493495,52.75879732721657,26.26954770019353,49.33415880523805,51.25612216319173
19.967378215835975,86.20426509893134,73.08209649807299,94.44485826943034,39.69921622074742,25.89042747931396,87.47660625539935,4.006908634826667,56.63054708724395
51.42344384136116,84.45493985350704,98.12970904972467,64.17343972985582,15.631697070886085,5.282668636472199,12.890258507349895,98.43219788140412,54.02455307191315
59.24145688620425,31.910047324325564,25.65300624442478,67.1479148667207,73.79509473975922,72.60848514838504,71.99968026274462,38.348112257504255,57.724368850726606
4.645041271999773,82.89154741506773,65.41746014740745,63.22821536376399,36.047450514155386,12.130299800553413,10.116561961310321,15.222821391686681,33.49607489028791
60.75448519014384,3.700763471549262,19.809763275974014,19.899213895943678,67.12708252291326,30.277512827196716,62.31378537478254,66.67088553964568,40.432659582632816
17.052412368729154,59.6269878482053,56.53302545716099,41.833386410228016,27.064394198176565,53.24709078838974,35.60672991191448,28.428828909545935,39.34695675223558
6.505159298527952,23.000883728770305,46.39324866883362,75.09397983633183,8.122963480667266,56.441658777974766,78.8913962965867,58.57782709310476,43.89927079265461
94.88855372533332,12.056688577727881,97.2005329631537,10.137289755315916,99.25817954877634,60.0583196987136,23.36904488253636,58.67679078445912,57.123863768502424
96.56320330745594,7.695320162920916,60.85272726964666,27.785277608971228,15.620150793059928,16.625533034970065,63.920182938995985,44.572982090286914,43.08624406557284
80.83973481164611,69.62887758781397,34.950637208681876,27.631910846585363,98.8420993963481,37.97374048216488,23.568253457588494,83.61186155450426,56.24127574182565
30.46137691733707,33.98749637680661,11.409578488793336,43.2018927594506,97.72799325664472,61.71942271169667,71.36602831121537,26.496706155544302,47.32436924609233
9.767211400638388,72.47667715287615,15.124682873493455,98.0368740942185,79.38181039080396,96.98188646337847,87.36780345607488,44.86325916177341,62.90977984350904
68.42330265121569,6.535634079894237,22.53169299512351,6.750254668382194,65.94229620819976,72.76311376996887,12.680179912676003,53.76921285909715,36.82268108528738
44.01524937396013,31.529033783061035,25.0966661340298,51.870099438059505,57.78070502510847,92.26037570939579,86.65956885955035,66.36247207672996,56.71943792182401
12.203823484477883,53.949129237533725,85.06160578411378,17.936468201221047,86.61015453778347,76.2212058314177,59.35752544142979,78.39718505055895,58.429818136272814
49.51769101112702,79.07231648389636,56.12227882825249,97.06765454097442,28.943952161948793,59.171696889240046,12.711049086702397,39.480728287825606,52.43075978123981
3.4388521115218396,31.875250293206992,52.33909113743665,11.33035047274642,46.7681212484877,19.202336913634454,42.7541855359712,64.6046944096596,34.10262917849601
90.9320402078782,62.58913764370091,11.476887186921747,40.36010023615913,61.93899693665019,66.66856518925131,16.08602934850979,15.061095306851913,45.790453588217176
25.87799816000169,88.5977748236187,86.0139693349435,73.78849848346061,41.11904758694911,62.337956595990704,70.03478888665695,93.26481005424786,66.76476513251899
66.2522284353982,61.58631881823046,72.28143032084837,70.45544280274453,42.7486454090268,60.24691704572665,75.88681344179497,38.305880642100355,63.51588908242633
31.171107608941096,23.295947475363377,6.766836190000158,42.272863689393226,33.02846675020844,48.978586798824075,10.579652027279895,72.95214219764384,31.29173908380073
52.00680211778108,2.440078155653802,70.78350972297687,34.652416795271826,56.4231816684536,52.86566039892756,50.613985269464436,2.0341081882177647,38.78552757265357
54.67102793432797,87.00988739009298,54.353821734264606,39.76123785528706,85.0574528015116,33.44425271181041,81.46250560259172,20.5187142904807,62.59478978849299
18.485445552552704,2.126941085038714,8.172534574677826,26.42762631586393,20.152837800631286,51.931269264230316,93.61630415509966,48.7082544323578,31.626668937578067
96.95846277645586,87.47016726841994,45.830064152865646,20.53329387067998,93.44330387534414,19.755590567847825,51.351786674177,87.82524677323465,60.18848014545861
77.51328233611146,52.8937134027212,48.469628713004695,48.303969755889,68.90876537482296,80.51743973603767,95.02792236114071,52.72551499506771,67.01398307435186
93.9498941564189,93.90676985128962,16.577454016327575,26.853375606760732,82.32732126800302,18.577695469870783,53.56889704560298,92.98704822938791,55.68931724790994
89.48273504276489,79.87832357736654,94.56981470002823,28.746166489725013,55.619069263001165,8.496628988946641,39.419049459990795,48.37968965827963,55.10338682756799
59.78999788110851,99.79341105333374,84.99753714806619,65.67560634745571,77.95167014240634,43.62460263571574,84.82031285528954,49.044909673594994,75.00390581727433
92.18742350231169,35.071181545171015,66.90223373291083,96.85373316998923,1.620039733946721,65.83074395060619,49.2982710458089,11.974678850053188,49.377416347042924
8.84925020519195,76.71882889311269,46.22955610006072,60.363720055937506,81.83804247795352,43.771682493354135,47.190251056452304,80.26562441522198,51.689440490683175
19.59828624191452,40.193091360924214,41.17655415845085,7.697946706496628,4.013885908536652,27.67541319513086,49.03124894098283,24.69654124670625,23.762008565977453
4.522728891053807,47.98756203039088,65.09734671509541,7.558361385406698,88.99133763628625,55.817118389044076,84.67850018697453,89.9612489372315,57.37349465812937
32.53303307632643,62.75054632183701,54.543186940690546,95.1423220845566,99.19627472386433,34.700233541219994,83.19415416880521,91.0824220330396,71.39232505126408
38.8677289689482,87.36771141863387,6.227310588188562,29.729079030733363,29.40674621767778,93.28676901266331,40.35199924402112,94.33101118741497,51.42086686457812
27.134903177389592,98.40834691992951,51.25026487703317,9.206698608247542,21.031855628579365,92.2645139603572,33.3299859870525,52.023048910309,49.44762706661437
82.87375091519293,76.82734138645182,80.64036172328395,59.90445871503815,76.53633638580408,50.23718199720955,49.19280240391293,67.70937847836443,70.7707121556812
35.67533266935893,41.77667821673337,45.923987759695805,62.36487782902661,25.302634092025322,32.78839940182585,57.277250973710906,77.85158800616635,50.944786447427546
28.093450968738075,42.13570022770702,5.195657755426842,64.85048201186882,86.55623831722035,73.71324139566391,23.833721062799697,13.10146186504656,41.692323638199206
54.26960831582485,73.75823015888915,78.6278199384033,26.74020278575413,10.28425921574767,3.671294348306664,79.39550847155907,60.09571949974972,43.75238690643935
14.092422497476264,23.877714576830233,20.13637821359744,1.5110684214475034,12.595519637935826,47.47690060436513,48.648276573242285,3.4297901303311673,19.829250987083856
80.21969807540397,11.047411313139467,25.862083488803876,96.50153694544719,97.91515551006155,33.63233942703335,33.40455484199596,49.75660833887259,52.68881510272422
7.455064367977082,35.462215764077655,16.47063534322959,25.089304569110247,67.38388982700046,92.05358851025547,10.68209929639906,15.48426816202274,33.242255636852256
98.68869366005173,28.723899165408174,33.02150648714976,67.60262880525475,84.68872244289528,1.2003027272682543,23.884516040360694,18.29229259620847,44.137101438557195
77.22447692966574,29.630812045599008,75.6751505688635,70.66298698787095,32.4329377351518,55.28148757183491,94.92811717559837,36.50475666926015,61.28037990634189
19.87156815341724,23.360775104990992,51.93858595039374,61.00074170794857,67.64837495206044,74.0663581066626,30.50996868195266,43.243716671650304,49.00386801950973
0.5522117123602399,4.209318963636188,20.488127415071254,31.290739421364822,59.42418273085972,48.50179875240413,16.885928936703532,62.317242453218725,30.11534649035276
81.54614284548342,1.787393473341381,87.78300781520409,27.109625376406576,60.3150120122947,8.540303016272166,46.06727916549932,7.442841843851566,42.27092044564779
70.68573438476172,98.77223897360315,87.95818549515292,59.76682827027031,68.25324595377215,97.24613900279022,30.70877433602487,50.36917612374447,71.18536305077714
72.90071680409874,42.77731337358623,87.05784250460069,86.60956336116915,57.53591731290986,51.801043137609796,3.5159250271194153,18.262513025310113,52.686616264025645
77.12703466859458,38.432664715968166,23.87962113815393,94.67337289233956,42.906236930266594,61.41862443190114,32.314521727941724,57.397517503174186,55.33178756526241
7.4044651734090365,67.96472826930699,45.12393441809881,10.590580440375764,27.592269438054686,23.660978270750732,54.41086239394686,63.74046122611835,37.70553905023348
35.84657285442726,21.825388786506416,98.49896561408751,15.482861259771985,76.8581330913202,48.34980851068038,55.17123720199669,55.67092565528539,55.078608975955
11.586905952512971,94.99611839502253,77.20124763099903,94.47362587830797,22.62724300031862,42.914949195832186,35.65589211768887,73.82955104783076,53.78386931872501
86.31034258755935,78.6345014415552,2.716742122555982,73.65352283347926,69.23543061544142,7.489584200198374,44.73027562526006,33.56092442409013,48.51107368308343
62.329812682755794,8.94110023122595,6.5204591260492055,88.29938248297731,23.333282264932663,10.616035354746723,96.55179182347663,76.5106591633131,46.38477759727677
33.08980248526492,41.75807757849284,46.39313768123328,20.263263413534315,62.53301699544539,83.74725196187745,37.73484772303116,43.27670817081937,46.978418632128324
6.355835028602364,87.91183075621647,90.92202058615601,58.758587110940184,74.70782671290289,23.981995220659023,25.822681325998296,48.41844983225968,54.64582429592304
31.09823217156622,94.47320222914102,53.870179795271426,70.11395944174737,21.87138889065392,19.495827149863054,24.34670440667601,64.81021272610714,47.461166216905944
32.518332202674706,46.74015112498697,49.781250803429025,68.01118854469726,5.994330086130828,50.49114512501392,45.776461270413414,1.835838399922396,34.79912789564615
72.96061783380641,61.34113892107077,10.547369995663058,40.81516908666981,13.097374299417408,76.87471313625129,75.9520148716944,65.39942214202483,53.80850532873475
63.75574713552131,16.70339460920752,65.6780104724294,1.5394891691308477,60.59969672710255,6.194651857898792,20.59881841884732,61.858514907211536,38.625957944452594
88.72127425763266,99.11686261369765,82.21031606002255,58.29260568042631,84.94464062257356,57.680791963825584,70.92961271407681,30.984711675327993,67.72638462968908
47.22149251619493,23.16717013834434,38.04200075075623,25.310153917960875,4.499682123542437,11.921044284057336,2.1149823349416286,8.579428489948949,20.099386052126743
11.959424593830171,94.27317741351257,77.56118509253275,45.02542461428904,73.41512590416463,3.6461050825618457,41.8932977983946,9.093544991304114,41.42812702496312
71.3244787222995,64.96466489923685,96.44766539008116,95.75810150838173,34.13186459500521,5.274395216221739,77.58650652027869,92.32237469852286,65.89695424874935
76.07850486168974,60.773679487885914,20.376645912768907,39.903531764243475,47.85283699195225,83.41641082084413,33.873295577443145,68.92793212258371,52.09473683850081
56.127719756949624,51.26885110165086,52.33296311947413,83.98016066644267,92.88595498455656,11.797248362806156,56.37371014453995,12.710261377074039,53.803138085670724
77.0967179954561,23.06698117177587,28.713795808457554,18.854060574925114,33.19715047358455,4.515136441229195,20.49792328259108,35.67231693089064,30.435420683208132
49.379559636439076,17.652803200550828,79.28544190338394,67.24604980250288,46.5336933939486,43.789988714291226,74.19953911261723,59.248299390159644,52.09573989272462
52.27328293819941,22.048620907017536,57.75933658811575,97.70069544389435,1.3682414760681105,84.39934719420248,5.227910326875962,83.55717050906487,52.301957598844496
42.75410183585496,18.643826214425452,63.45824175503038,10.189310087293679,8.159872000483837,26.240837648930192,85.25426448755003,4.366092871300853,29.51570671475184
2.541912674409519,77.95844735667534,79.79141596158941,0.8319942227192012,25.859159113478402,42.17126175259164,19.819638642166815,23.663313147000885,34.73987043977079
10.789142699330444,35.01252591667301,39.59704726624549,43.35827926326144,2.7852240821074403,3.9922532563751223,87.43980317083307,88.97489902953801,37.365625496962394
3.142918568673425,5.784267656339637,91.50900684070432,9.26254830513672,63.1375326048251,44.907851413487585,35.25292413005173,0.9165550183816484,31.00784640213898
63.64104112637804,96.91026301408114,53.302886724614,74.83843496762313,42.63983568016225,57.761308063713365,72.26835744744866,20.13991027938874,61.19629615900294
31.435598107632668,88.37858849634257,15.7954822835348,91.45486638485589,54.814520272802206,57.090705375214476,31.922529778618845,95.90241759729659,59.392237335156324
50.85706911647028,92.77522831952129,69.58991181688025,43.402097270875885,17.464718589632955,33.242669217436514,90.59116712346476,61.34018465221711,60.081818910424296
90.7566473926093,99.49078226464353,79.32613504382545,25.871164215544095,29.593202943661613,31.55331806631355,12.663712551837436,26.167136663750647,49.26325499343028
24.929222914887493,17.38952492194873,31.67616770675267,43.44033190066098,66.38244748527251,10.662361893659789,17.85197892725987,6.699109439584761,27.991794874680025
41.038292303562976,39.62420189026587,85.7179256998753,72.3447817850001,96.53027236303998,36.67983206462684,49.303012515880226,2.8191340447222157,52.13170693856304
75.55511385430486,75.82384757040913,90.61432547657664,0.9054161580370979,5.04167736022092,9.949466887296465,8.193843903814614,24.474507963692727,36.68375466203965
22.879816549162246,69.60206180537922,27.690448737780894,58.945398948469716,89.03843208552661,76.65959447120517,19.598018470176193,88.14858195889104,57.44926622434092
7.697990982879299,15.389590633985506,98.3521472715222,61.329168488737906,57.68812013112085,96.62742977481858,94.37663822120143,41.59136542975095,58.934936671843346
28.9751452913768,81.58331249906178,14.071152804875842,63.76882468959355,56.39195667556237,97.00744566667069,97.64896611478872,72.0333369165993,60.327516614131135
16.122128725400444,22.444057183666068,20.201566840248997,24.202207998087722,50.027853520776034,86.50710993753938,37.62593293304219,91.82850353799577,44.28286187725637
92.96976523425731,22.38176148226231,18.422483923802613,71.40527233781268,6.9394085904183385,60.07921493396191,92.32860210139357,40.80404616028166,51.39544230023471
80.8120379564417,53.69744228934136,89.39897100078704,9.13914863317764,8.987685173616066,70.086569724388,54.48246756734317,19.127737103739705,46.856160478408434
63.34037565104234,59.293993484170315,65.42925523249619,19.92703364668008,60.09120056590861,28.520580268041407,26.974246587376705,51.71179308569195,44.34228574303092
87.14605901877177,58.00862078378112,15.210428322227287,87.74700466544819,34.09585714355583,63.077042017262066,70.23987210805987,90.80836870598544,66.24341489664437
80.36720768991145,9.148683739775487,44.032341836834895,73.87231507265663,91.72680665776807,45.56495494398774,65.89018065748571,80.43744141377006,62.36288252331256
18.657005888603585,87.74608626303804,61.529802506980204,1.3745554011345251,40.659053735947225,48.20173397769325,98.91253191087334,6.582984336315379,44.999807190729776
89.25589984899777,26.560004258870606,8.34640849893833,24.83762603698002,14.328145870264109,75.7776560375158,26.50472874092833,69.25728000775818,39.58440289623667
53.93422419156507,12.951492128280417,88.24163684073388,21.440648299316457,71.4718833502036,28.191835559725163,67.20595026617355,57.18975224589538,48.434798203393996
80.74401551640625,88.87480798689772,80.36035354415351,27.080632803697256,29.335342144100984,31.803961169451988,5.202375502944689,90.74631763464255,56.873656581359334
89.60912999234932,95.56514982297534,50.52067735766382,24.755977027988642,52.54703073558932,92.46417911286366,11.36460386967194,12.248141685029722,53.909685082252565
31.800347497186387,86.21276172654507,96.71266152591704,6.252629574284574,69.783278550517,5.622429485097225,0.3918374951093262,53.40361132046566,42.67127051288887
11.005192452767677,80.95160747248781,41.77609792750997,45.894051659682034,90.02641112020704,48.56342984133404,99.94606810596731,87.94626935118923,64.28301945384246
22.793516254194166,65.52419806390218,98.41103190364979,73.27334747861651,79.2191194801676,91.28008004078617,80.22736971474778,41.0023786741743,67.33758382638717
42.71077886262563,55.08573706091393,66.79199988036271,60.67317247174364,67.63610678727241,61.0363007818157,78.67230147335408,48.19949177328671,63.102422196982616
81.80147659224932,8.698675991141014,63.467127325394145,67.28716685980798,67.96331823951436,54.64070742121321,50.97260752881797,7.046067766695829,52.94024453539768
86.07305832563435,40.845321307069874,16.5954895295785,8.114917853623915,94.59246440320865,24.974417922935523,30.006708290543994,27.814364044891082,40.193944567280184
0.6952130531190703,37.2688517012314,88.1927758304644,95.14907101767872,29.582409749653603,34.327548906444825,15.126428446267592,32.45066491689473,40.34177995865757
51.07473025775657,25.97537837603262,42.74896879206152,83.84918338430248,0.11120941961874076,85.20484158046929,28.467473884646367,94.51224487448869,46.25673742378748
41.7411003148779,72.3420113688585,16.223340578247935,80.50903184956627,27.19545593981987,55.921813176845816,37.597122192913915,28.266736054115903,42.011414891303026
22.210781047073024,49.58757350787708,1.260751997575904,82.29838050417675,21.7891379626744,51.47421937567799,75.6310096980294,46.0868735269652,41.11340140259071
11.98653673336828,8.104621590764793,55.975568363838256,93.27105081327613,66.18345851139982,9.957971354002893,53.96617889031524,67.13044235642798,46.09235925864895
33.7615171403628,22.018320194981133,52.739962212267635,54.42539661136977,63.3711599765529,1.6028156455123121,7.748362655548268,16.21833724078774,30.833266550790107
94.29097039125192,68.32587636595959,71.93536223691585,20.02820178676259,59.34613827047238,96.36851886870491,1.802900895891224,48.64423871418745,54.90210496643776
32.320293202075526,7.613085949030019,89.02580530178021,61.678360785254114,1.62434432094537,37.698616728684165,10.233217953406315,73.85390394759077,38.69362543866669
51.87906217433661,85.12069140487687,7.9406584643029525,74.2881493667939,72.87780544506475,60.32130620995043,41.049871369737936,86.6855213027066,61.03105751251596
70.30189588951778,49.51465270139743,73.14964903403623,73.79173933540254,32.353041248549154,7.971507318728499,93.31929170490183,62.62592746624267,58.9341417871782
36.3629602379294,48.0586577326648,18.741194409758222,52.14490241668801,66.50559890066312,68.31142857230465,63.74024812092216,66.90535153169479,48.79695217861038
97.17820827209607,59.24077846595176,85.8177053157164,6.845871933357806,55.65784285021533,93.2566708705961,80.18258998755151,12.628347258456895,61.09447490827507
96.24472949421113,82.46809659251491,81.90635138616561,37.11129384301278,34.27309254279072,57.56652529974197,46.637459450454855,94.57764972463471,63.58146823774761
25.178229582536417,34.780920790219305,54.07937549855444,92.07666084633573,13.457626710410775,12.611532237541056,36.16660831950428,13.257407748448236,37.004502610974335
49.72485058923854,67.80161525590636,71.02427986233116,58.4448909757426,9.441889766048096,58.172152747347674,10.840037271662272,77.46729371817983,51.93291910601406
30.087830981676966,56.5731963995791,31.43501131837484,53.83319432557134,83.15183331122236,76.63472131046524,87.5933022186205,26.481632177831884,53.92778580276887
28.484049437746762,26.70282701694213,47.116789893281464,26.885351438219352,91.8397542081558,40.64165365740187,78.31600290279029,93.35931437012516,52.636127460782056
3.6886947354532795,87.8629986355158,82.16368977104716,36.84489199165789,64.97880467642996,87.98377479414678,16.811809759772512,71.99595393694796,55.6187931866248
60.956433397989684,79.74260216069281,45.92651971732139,89.53460891531692,10.343411486048337,64.86829533573645,51.22605638762605,75.38137129783689,55.24182554785839
50.26790232288615,65.84518346584255,35.77982653254418,66.64630475268358,40.20272168882407,89.92489182892025,48.73748079212449,21.905917305988332,53.08571493310785
5.147875124998935,85.05817290942419,49.421244725029986,78.73870267523328,72.89392001051573,62.35053112473372,62.50915526865286,44.30399766351608,57.00726084508284
27.864646423661142,86.72942009598023,82.82492524372184,45.434542306765515,77.9820884010068,13.128797200482422,94.61868939912613,61.78131945892864,63.23590373134481
90.82658859666537,70.83629767150347,33.520804737087275,63.024721945615795,11.82186222910886,30.96917111051891,57.97714417624796,76.99736182066009,52.29992560000087
23.95618906669724,83.7013328363672,17.37615931357438,24.838360874320752,0.003071884538241587,20.17949482524569,54.02172667786186,10.395937591238958,28.070788237230673
14.48948720912231,69.74714616692836,71.20140203307808,70.54608302834863,71.2137045880605,90.88264977168623,5.032293293466394,96.23653164545284,58.155611700939694
48.9452760277563,68.01407717603004,82.59782127080818,42.76013337033373,35.659617598620564,76.04000672874827,6.290747601802393,89.0220670554556,54.15763722670587
98.56504541106007,61.86113782151843,10.063747852353334,44.25455148147456,25.448133161826025,67.6398368910006,18.734679132678888,27.034859049558435,41.83628485804736
24.20552715115004,75.27166395576413,23.98741127559447,64.93223245768817,1.289746978952544,30.096631963162167,3.247077169174828,82.2760243032332,40.15523676453283
67.21355474058785,15.86051052930737,14.19719897609939,93.62806214689266,54.02994067614997,18.40447720502135,74.33528955700123,51.832392303982346,47.29115456937748
76.16196153287176,88.08707591989284,34.79414115821666,6.400634660862092,85.11507354259817,75.64510879889119,72.3330303993963,46.18064815620186,60.83806064060559
23.763754399239968,87.1843527745232,45.035097890541266,82.47432373470076,95.76316462725879,47.41579458790797,13.605623443164294,31.44341058114054,52.57416344708599
72.82163486118596,2.9247283034559146,74.88263369633064,29.238311041219312,56.574495061328925,22.578955215062912,83.60789007952809,58.096858663159246,47.55175783313325
36.77831327192532,82.58167505647627,65.11475848816741,44.391945450637785,51.44613277398942,61.66219781652751,15.478603484611197,72.98891177035978,53.46871641774355
63.23058305935795,12.886986747344519,62.092856747843115,2.1913328775008956,8.50563854892411,4.0333852138451975,30.11755869973588,41.09329049627583,29.21716071258062
63.35297107608947,33.51188542591419,35.23749466096544,30.1046077834313,54.887280154259976,32.61702541282535,24.8976899161365,62.92191930082921,39.77584043121972
53.57746840747585,74.35082562916078,84.144755308476,50.26312426301305,37.99790789653946,46.85569945911347,37.23070985730478,69.93129211553037,58.41219844853947
9.02897700544083,16.07598960483082,47.128716739816454,5.617607734743901,60.71352808835769,14.795833410940585,25.466376588996187,71.11218170152858,29.542959516376488
83.5302495589238,81.79670241190622,97.91049380151546,49.10957293831652,38.87263478765467,98.46544775908396,48.8950926438452,5.196609813118025,62.006132612149806
32.07800649717358,83.21341779577419,63.41421382957368,92.71106288584274,24.029912345036674,20.909736458961426,40.74078813546854,85.97478056850669,56.44535606056229
18.651851039985424,50.746773376083624,12.626474156450273,10.539321810780521,9.49652752283765,13.035313004326554,98.65694907793265,45.82533147650479,31.12044536867371
4.077514155476392,0.638587171683358,67.6177562075434,76.44407280755044,31.491844458889574,20.35348738868964,5.592635012822567,26.241608169621443,29.13233789020633
59.08929431882418,28.703813317491278,32.5104015431699,40.967105337599264,9.664483428775227,76.90611331597242,14.218137638735161,24.176450747968158,35.150093298490766
67.75643618422824,61.69269183757422,68.63271966860974,65.5173714524338,17.689695082398394,42.55056592718428,5.282589390860249,48.301411284395044,47.436671116868126
1.6587828927856152,98.11861780274235,6.964114816240574,26.023659798522935,98.73361585795459,56.541593975253804,62.58411949823758,88.68315394689591,50.151979112532175
51.2093058299281,63.18135270166684,17.48814371759594,15.949226254135828,44.41035569066186,2.1009156986360744,5.450927741371958,37.83475816826469,26.043759594866497
22.649577519793795,25.98035810641598,85.57372589057863,16.046261427122644,53.187176650501655,3.4431308573314556,83.64397373761233,74.97257467835433,46.91903137055753
64.51727904094498,63.40057030996113,22.71795570235149,7.049194564314465,87.36185287372153,44.582554982701616,51.19386306819278,9.68187309872186,45.887505766411834
17.436642900499145,53.99853797158555,83.704112524294,18.564670490124303,99.55689004906878,81.66552432016235,52.70076245815337,47.60567021510618,55.08312795906116
69.09377381024659,77.98453951511436,27.927608845441043,66.42193849889682,58.27144493446815,88.52388787075652,56.15945077121942,99.16861403927356,67.45585058133479
38.67353463005374,10.698063882695841,64.28819100587077,88.16906118435081,81.24738210441717,8.670656759564022,17.081370630621073,77.0437802792337,48.82344356540549
93.67299887367345,76.1027902502028,69.4150573509831,81.41256855911618,32.694102433667524,53.836310210102276,19.769030311448756,21.0528488440613,57.380898557474346
13.752094414599325,54.12665786761103,51.265475314505295,68.51343098744842,30.57439574472911,91.32296862792705,31.88173228730047,50.14414736979107,44.892258283397275
34.10663510502585,96.29920038589947,30.531067669673128,11.043186341110268,40.27037209945602,38.797275439788635,59.34964158218514,23.362476364856654,39.947901379542635
11.347352124058908,34.187216603868606,21.264437637109612,28.918744629594983,67.25072626736491,82.95658314283686,21.011777594021453,40.95609272625092,37.82145758093853
92.46936182785628,63.26218931339481,3.318935456242622,30.980687532246897,68.21916892550988,13.36956543994362,11.633172713326124,78.00840237349648,46.56396584222419
87.7339353380981,93.20281055100175,30.39464012407238,24.99569463976212,31.52394346494508,93.53944896677987,97.01168864184322,77.12248152904037,71.93744137438584
25.79416277151556,10.250972799067926,65.3162790531283,51.50056597097231,13.320992413662868,75.14233175313026,2.1981814809622913,22.810037790238514,32.835679050465316
65.99840460341791,93.72284872364511,93.83048184484826,53.55538148796726,63.239625646550856,94.13343927869016,80.26974053360216,92.22233181548602,76.80757681756799
81.72222002012158,68.78857223008133,87.1204482263052,35.68859751711102,12.832586218876452,67.66172335525064,78.8035149575022,59.25681827648268,62.28884625461899
55.52008115994623,6.78370591051719,76.60647765353026,35.3789158736436,57.84925082293301,36.3403931999427,29.7214113845096,37.992429096201455,44.666074716734435
52.965057835600646,30.096356694681624,78.84473432532987,82.85555979060814,69.3422128056309,93.81811725247225,13.56266160073134,50.19355807808606,59.175810539851604
24.18522909004517,70.81720886452815,66.49849034759953,78.92928483196856,70.06114963944516,27.556677630917846,14.562864670542341,60.50712534377437,49.82645671204405
9.310276780589922,6.73506014687717,26.0286857566003,30.779583168074566,75.34721106595967,33.21725220617326,69.74316172371925,55.98905318457854,40.309773387031626
89.72157579533267,58.217046017627325,90.71950307058299,91.37884438732593,87.28594215656645,70.08084180017403,64.28065910861737,48.64050355361782,76.36770572322743
90.04180571633304,34.588305695295674,67.0732311905834,95.2815017002506,49.995899196478845,76.53162995253862,78.27456742513867,50.49328040894001,65.7328659723036
63.31014572732679,62.091551776747714,56.04406309804399,32.67425420300408,73.02491895295712,92.94034838491538,93.74811723991047,17.641191042788616,62.19717503828045
33.90297910487007,4.5742033812512854,11.098946921348107,35.442494879305485,61.91727353658367,20.48024090562095,69.1927363266592,81.27329043046794,41.72980182108108
34.92095746126609,87.15368061523763,44.70555438064254,50.56341534219588,18.663993979768257,79.7998035219224,15.585153655144346,54.176031994101535,50.55985395390262
72.59556788702393,97.3488969177397,46.03582712019263,94.11208125336735,2.568964486940817,73.85460533969635,24.344261676541066,13.107986170470308,52.86312590587762
89.71102599525771,96.88778552856915,86.45636095226699,87.63194331423115,28.454138567693377,6.379455625359787,84.21937308731145,76.61571015827779,68.82831526126229
88.70864242651173,74.96518317429248,54.66482201877885,10.25679625835898,44.30337063376194,38.722314121020695,20.93060758342086,93.24439783773508,55.67906440089761
77.98755458576238,13.008624013063198,38.04005489704097,39.27307432714162,61.71059444286563,28.27654570600986,7.252231695448142,94.7306899236962,42.61460019291673
64.20316461542878,75.82631959290225,97.68003285106593,55.33711897497719,84.99593305032053,30.44904243540304,70.32800540422505,36.901773241117276,65.34233235252202
8.413996499504883,2.458691645880151,11.072059332631568,50.313247255154,19.624571670616564,98.29468795547008,40.2526355490142,13.551687356075403,27.757643903314495
16.162871409461378,2.2123551528997254,42.25484283119446,19.38630679368927,12.55497898984771,64.27774134799279,92.00400525459035,51.839962663306515,39.717385599891976
89.85541885270793,32.36102191495412,4.202467517140529,85.88167711681547,96.34799474743275,71.76761577934995,65.02550710936616,11.260922934922068,56.5717372153638
60.642905965958995,48.864319040466576,73.99041207669303,67.69407829968374,10.80445593764071,97.66176373150091,9.041897779166074,93.39874185126172,60.29948830659141
0.9197051616629648,77.04074178077931,91.80765521991506,83.79083748518036,47.84910701071892,37.72017824576387,94.78565672536607,18.357962735514597,57.516806058323695
10.147154286603211,68.32953766065052,28.003732955048942,85.87642793494722,58.55637287933019,80.1840168452806,25.85572636402459,25.276585995116406,45.33225390500135
66.35017691080559,44.590270637674834,85.83416767991208,74.83558536657398,54.137442090743825,43.45309633044954,33.72124904062858,40.663652688497045,58.297460557315176
0.5061583846218687,27.362666628166586,29.221823046189776,43.92106012497173,8.603215703294321,86.95336718149798,40.2260413683542,38.31644685591258,37.491337944481586
16.080805141749867,99.71245001577111,91.07701616439152,61.054675501542455,5.702691400361937,18.06575413113032,5.122429640431325,79.4662892397889,48.79983688959436
54.87337893665861,42.6181302235973,75.3961903596784,16.036540611974313,10.548342746103568,94.76861770642796,49.65154222306049,45.631682055096235,47.167377377752175
69.18951976926932,45.13870243296755,80.49067768414386,67.36454174749078,58.55876838726125,21.877170841087967,12.331849107529225,17.07682600033369,45.89147908754564
65.19612595026005,16.362382119166917,1.80065556004545,17.925325573928074,54.43448876343211,32.622050698093155,40.097032668835176,26.72098954860741,32.18573579510756
22.42693094605598,79.48095487499293,96.2810357074026,69.39495905101568,23.374079203674427,75.61922341067805,35.07097879920843,50.9113385187522,55.16251676530967
71.2179221347536,69.36822257814886,72.66709920703232,22.959816075396866,63.777414184559156,39.37551415654067,77.28400834265034,14.745391742613489,57.30911669763832
23.724908749680008,22.07696127887604,30.47510953861333,11.755130015021997,82.00675020556494,60.82113767664467,80.3170511632731,61.16556756460141,46.83147996748651
32.539969815926774,8.238104561584269,82.9394664858847,16.52844901429574,4.157895984659376,44.45735010694285,15.3412882389088,56.57473065511459,27.190460763699917
74.64914051180241,68.0499302074713,28.152119841492997,0.1992135219070268,49.81299435480424,74.23699370897819,36.65511873792262,71.47023163822577,51.08192944083802
64.96328990472146,65.45112142811352,87.2753839566128,71.87396178535302,68.93104121026903,22.833125236861086,37.33531610318317,93.77046153793677,63.35789785174673
84.9223410494178,27.32595269982093,11.258039041193701,73.24010490583791,25.23119270696871,5.8457987236877,15.141044393608505,91.22545611011557,41.62388809159445
65.76128923003434,95.08635622504103,70.36859774607957,51.493334991325945,30.77709052931491,29.992939747306625,79.84535050511906,94.60756180688314,64.00432636606669
56.830860333547164,15.105789178090024,54.069847664491036,16.13628010553837,61.36379029893838,47.43086648684303,70.72283283354233,24.471559702370094,44.88057115863343
9.367476782809248,43.23348010426019,9.653447019544082,8.355433751068976,89.7935293443737,16.80200521926786,19.038178629703474,13.156530663935461,28.414385746477137
36.77158030594335,94.36159201675989,24.189382825883897,1.912896643728701,80.99244203028994,35.47972896563887,36.6721908593799,30.22767004964485,43.14204178667598
26.520236768172545,41.97273169261223,1.240403627731479,16.57481769652207,58.31302190995835,39.998301829356855,10.580502485651422,89.50851727663147,34.90994428655324
24.398964337908357,63.85259476640856,46.876796546450585,89.08555349831467,73.02217177572491,5.739184368827354,62.820659709304394,97.20534746234883,57.79248464854261
97.30105547524455,39.75943979627943,30.126526076000037,24.153684170168177,36.482247020779866,58.33072481842046,12.137192454861967,85.9324951070476,48.06711984800552
39.30977246667604,27.421520234867003,59.83574842977588,35.42713272172156,64.09655280987577,88.43434279712875,98.59341686249178,11.00177211275436,51.410172224681716
89.20465551771133,98.39776479598282,29.72378077086172,10.534548448133318,46.6181591127557,15.174291295305242,78.06820746878623,94.74279980597932,58.96588319908192
63.11386259972629,40.9334006315043,29.99191115069847,22.236130474817028,18.993613645756092,59.7808013401514,39.023854958399504,42.3358027350786,40.4712568397374
79.48113035416485,89.40992036791344,74.31931987316034,51.922457078020514,70.17382738772572,66.47392049108463,57.85639322793544,0.9310290762353679,64.40188221158338
50.26370931051921,22.995460589108617,4.814283597835345,60.775268309565256,55.646463734882204,41.93346804192883,91.13418162164088,44.23937407481936,48.98597572061442
57.69038846263591,21.31047040250833,90.28949951919873,24.535231416621105,35.86215819535914,70.109758736427,55.40992803958261,4.606916967546759,43.60544413230468
49.25176938188639,3.113408288451136,85.22638743911814,5.773215922511721,91.13391900786307,41.0731543491012,17.44984863979552,54.387792116111754,45.0667836421228
19.52429877980445,65.1666825375885,66.78046832264066,39.10328691273987,2.0934117826733267,50.46372879774349,37.87033555811593,33.855402743705135,37.45529516318748
72.24521152615053,36.852634372376116,59.32215701073843,23.420337092633414,31.5773151249496,0.735304455442698,84.31448650297455,47.343493359404874,45.86823163246548
28.07723624408558,86.4358249839637,89.23024981396523,21.955392322980195,5.688139777764656,69.17201141346888,64.42130159896179,61.3170360743117,52.2539206311675
2.431596643145384,47.32099066915572,18.533017952871443,95.98628027134552,76.65273162216272,66.13426789447244,65.07243843338003,86.88010958178202,55.32992268678824
64.54722959071678,96.81934279147217,7.896916219082861,61.63004859257241,70.21074541137926,3.8400877326344562,86.68214856884892,66.19015764719286,57.787175254632274
17.711067940704893,18.552551570312115,23.95101699095381,55.68784431720959,33.13522187363171,36.82501073951331,89.39730574625047,43.40488684781807,34.48397899699096
94.04585843529144,86.86231679556109,79.45782787001903,41.57751035233219,67.5662902207073,97.90318407916673,91.97925717794362,81.9427853670365,76.66492763844678
95.39285770025873,77.65968527917417,3.4670266726483323,42.89443334301443,39.593722619594985,42.07365625686168,9.48491932531561,90.55821375731323,49.78558060172408
91.48643902204485,77.0921844644052,58.280683508348964,54.090500383808084,75.62537914224343,50.19454051318417,54.41260019631009,11.975996643219721,59.309674017465255
37.01587002554444,84.47832281168877,99.54375161913099,69.64298070361072,45.41836627367061,90.99301581597186,74.05095212183186,53.19329775527915,68.55343210052466
1.5456616528867428,76.10239909429988,85.56960938375394,70.21460961818295,41.22797278316656,71.72618758657563,75.69268451270138,28.451195974244413,53.15741747829124
92.83185625877253,62.62203216314154,52.14456890435895,17.169390770544958,93.4729915488301,58.20701311242236,60.67162019700039,4.706119787694741,53.592415408568684
42.81841483173143,13.124487768238758,6.364090928664234,50.0112752076627,25.087909989070024,79.78046813410725,16.678733518367416,66.85466951139854,38.37242489062983
96.66548190436696,3.2526179491251916,83.13735143857099,41.195809503410196,12.044733999656543,86.43662664559733,79.74205539416643,86.27707774592255,62.257532863858756
96.36199770892529,92.08478478156869,59.89785081772106,87.05269662693841,58.45431132594582,45.68880717372669,72.01113335149458,16.290265447739404,65.94778466906561
85.300945546736,61.665031452073805,11.493299705956684,63.14189212183764,96.93218122841789,47.51083649318354,8.613577154903629,81.24136576239005,59.301058745261386
29.444889206958567,79.65372909761763,9.38572848233562,53.25040664159818,37.783921372718666,38.60509356518358,46.380982467437626,85.33957335369416,48.27533457036147
38.50977286019253,48.152235151255006,90.96268194365923,11.539464217891737,6.203676362878152,96.67061400184606,17.39773995218036,91.43404426664836,48.61386728665251
85.11366715168569,11.730818896239448,66.92002629380784,60.56378893234115,33.93052673095674,69.71662542903503,33.74770457129719,26.528508908605243,47.97045425742281
31.692200515627768,12.518579220255043,82.92867993167555,11.720390568023342,50.593165431955846,8.322306620807229,1.8081092205685434,90.39530651898893,33.44160993907207
16.94927466860925,68.55652872289714,87.89789002822673,33.720657556575205,16.19230066322137,86.29596233130185,40.032986841075825,32.06627547364322,47.497706554910984
55.68012624583501,43.030589489946266,57.17723520483222,14.284196481433186,65.8102218056492,48.05599408362681,54.987692115621044,55.23380134555028,51.506683335004425
93.6154774160781,20.052472670033673,51.74463517550413,69.20736470243689,99.77493890102006,6.875390642248746,61.95825928270868,5.050747083228213,52.40549090357925
69.6029796674973,49.15945467414369,43.042741032099016,20.62521138361526,45.17394759814438,54.971725516331105,66.34903451287101,4.388108836874361,46.96816905453526
57.0061170089365,6.420893707513409,31.69465877911193,39.1859373188026,35.472855673021265,41.716427897570206,83.629131310246,72.03732127322029,45.289647383454785
9.717649377076853,58.19714019143988,43.459596085871176,89.56747776187787,40.070416683446666,87.7749404862625,21.546290727573002,44.4479977977791,52.0398882279444
61.500722669916975,26.899340443509768,77.38796557301563,20.431638339897027,11.514617839520113,20.399460360938736,12.048182243846794,25.629237536921757,31.589787173049913
99.00538501042632,79.75591006371882,60.19234310151316,50.780506395877914,88.32736014262238,82.6464609492183,85.15371718979256,19.04134960249102,73.55604922209734
14.008401523652402,31.036195892357377,89.2523289954846,41.9271661166022,41.4825655521352,55.768869118545275,15.661281489264988,66.9953490859218,44.47280622686124
51.832965236373674,45.52201490818012,44.33800143791877,1.8124041045729733,38.72744114248413,5.461030321346905,97.47600813361953,0.04015440253398728,37.06571520848731
87.73730719279554,1.1620539908100636,60.7089578718754,79.27581135728128,65.96902729304743,97.18453013254846,84.2538229398637,80.58911691968542,72.56030319085812
74.07686177542044,7.244688779455888,63.130755309198875,6.904590631459973,44.203342093112354,51.26152441031999,50.08766058895991,7.924960612992882,37.717442767952626
69.7015740995268,39.24935564066848,59.16971623063255,47.42550209769536,64.8233468807846,29.08768542315825,98.14214249220252,19.148961490811946,53.78031351952341
70.24840839871092,47.99388347171235,70.26337730855164,56.06782949389499,6.144629013078751,46.94068419892581,9.737672910800422,38.62363952990896,45.83024239111059
35.94911512197552,60.00205481193037,23.74334683748063,62.842645661458704,81.37233437222274,85.7857783517489,30.306576117510165,48.48587397161036,53.29495932788205
29.359184426449335,29.166257870930323,51.23637775457907,68.86316293078755,94.05039528794026,30.49031243850635,63.822441504061146,35.49951158139418,47.66917090931871
80.93611554785136,69.49818861265426,10.422480280834767,25.327238352271507,64.8765386159386,19.26763964867003,35.00068684731787,32.071216498429386,46.4610271596658
81.01133946791808,86.01223971892045,38.45113276448126,0.9978776658449373,95.45659288588108,12.907124693088146,92.83725519807918,96.39160120731884,62.06861652151722
86.70723185801037,77.98509888933498,48.76670686212644,72.3443662354912,15.143231436996329,29.785939839021125,6.562608817781756,64.15796812433942,50.49915610976279
91.32405525564712,3.9618825348357145,65.22242595454725,53.56565993475786,47.74161894803537,78.00480870400435,54.941183206096454,2.343295536738821,51.95012959823512
51.13423988609378,48.0506947257829,95.05310525862035,83.61177032072487,60.180673394544726,47.16263651952617,59.08662673951145,43.01759084443132,59.695179403692045
50.15162946871996,10.493017841817487,60.06510665483559,82.13883629006943,58.17366474211867,22.748160369353997,65.27281237772242,87.50086997439702,52.552276388435054
79.82951789667752,24.204501586252746,74.35939161765597,84.33261677878832,40.14617790890432,16.61849996097492,25.566622333181442,30.145618641066797,47.40784293398742
64.99639307777652,98.66625932671465,50.626605949520275,48.50946599795402,33.80844093662614,33.27294765103791,36.45664275198644,9.455634477438824,43.38789597530707
70.19668772577033,14.249554290151323,63.41040313763313,33.362839583686565,12.68240225504188,93.99243728857088,84.36805296649777,75.83847715899178,55.43679464705712
79.57926694361011,49.888815345135605,7.093221613377343,79.155820259137,39.17424505622782,34.30267125900244,19.494276897015983,60.60138319360813,46.651289899520116
89.00053418175663,61.81557343181191,25.439158084184697,45.12941130292549,16.266081510548513,98.81240759546354,82.68678471733621,57.03125078265039,58.982746407184344
33.79951568515358,70.2464970544104,36.185309320513866,18.34421964034345,73.43656764922184,48.523045576535615,56.26554229027424,5.357655960740793,39.68289226077773
37.5582952639944,55.96486834869141,47.249335500651355,85.49740195614743,20.883093549458998,17.916391829015087,76.21875111940821,14.049900979551733,47.60561073077285
9.3981939840869,0.9770847419183659,4.564874550238374,88.25598767723473,5.856530528453385,89.11400917935094,71.36073662634715,62.25493962131138,41.679870921516006
57.8280140996174,32.64613082439919,14.002409755331769,46.63097561401701,55.236613781723435,46.03553731348269,20.7511495384879,20.782384145883583,39.601456119641355
3.5942273796742086,51.771164338471145,27.68143077913058,7.569972730978747,59.52297327194016,70.96713435045244,56.88127364338729,50.40700797484243,40.52932555824874
46.55980181324602,8.786649914483336,97.15326909010507,38.782608991693124,87.19130612805056,98.37115832091517,86.77231528050923,54.488168602939346,63.00313580436121
54.26446347075766,35.06269312091808,33.134700710305076,80.35376594626034,57.69816124176819,5.0175350319974,43.211623680192936,28.35071902709394,42.67506961917202
28.65412521282844,3.3203108791366565,48.20410581120825,90.17740285462287,34.54808537234457,9.669455978756714,96.65907702233167,94.84251555414929,50.32781058301587
59.08332605690107,7.857849715502074,19.609771273839293,20.347274249759582,80.30118815263205,72.04567414627562,45.221510010171805,84.24641068355751,46.23360262009716
3.050024993904943,39.69232762015961,61.07800710757682,6.697361202527152,54.027889318742105,28.1825003295472,14.278563666788468,72.23735076327985,37.84507164289076
3.7348188749214417,13.271575404306034,28.068321551597432,87.73504531328386,7.928028463119174,18.430139695009906,38.94346800776732,7.7993866409409085,24.494307548080265
82.26005606596583,56.75408482615582,20.699257843842677,38.94049389788753,56.58505603132467,3.9361879819729495,95.17024063905372,10.613001930901945,41.939264632546994
36.019064141126286,68.94649691372658,51.65726284459791,54.176096426756324,90.80185454216624,2.1846711986201806,31.97208493398542,49.27813458649557,50.78579030634898
12.706051265188478,80.05866991090829,0.5505799160420821,96.80658120507589,39.631262549822054,77.4485603119791,86.80981598670628,16.071334919098568,50.25176097647734
52.224326005480435,20.01502442448101,0.7664032649225327,6.656472791422285,29.632580189980008,13.443342736955,88.12506816818897,97.8265463529474,37.37057270656596
76.99935530986109,16.748258225906977,21.906880910185777,64.83180074520956,14.346945701802005,46.77206159711509,35.01865243319611,15.852023402740944,33.02872211669225
21.582102749684317,10.456784033440025,3.672136250082114,7.410542257486707,15.144552193535732,60.5896815179483,8.325765805063213,48.746783546397396,25.472926517398705
62.28904758190003,63.64302495436367,10.802575413069137,37.54689284665004,43.27714843418189,42.835180056884624,72.45579091588182,36.41210568415054,43.57875956146585
8.5347464993768,70.64757264869012,33.88606493387516,80.38145451934467,59.56798241615295,2.7106652336233106,31.1512299013986,63.938642145409794,43.969193748645225
5.16817211686077,3.1586144825642037,80.25856795798128,43.34722327556344,8.061540516960175,78.35015025879089,78.29236142575724,12.90364088894249,40.517774510508445
53.1354631568148,93.62122462436898,57.204864336930086,99.71823539029504,93.95685890251657,1.0513224541653488,44.26548482604331,43.03164280423909,61.59157092792785
54.06351216101065,5.1971283651472415,51.26677259564164,55.905928494660216,75.51336174451959,76.1889894377484,48.52667423426216,27.470503280714365,49.14730016522865
63.742990149820656,54.12963353010704,29.348882320812166,32.11621526359535,58.66239182836627,89.33044937881228,77.79094067485369,88.77515246716881,58.33375023511719
72.60913337226616,70.90605194509165,93.17537194328163,22.011132590475313,82.84386709389908,43.28399210571723,38.23633310616279,4.058571213469508,51.77110699976085
97.58520794625346,87.09691237460856,39.70150412371917,35.05205342861618,8.01867568121133,53.554247309779825,44.31273453229145,91.37274940064593,57.46236127572579
51.630034830119534,71.40869321324278,8.70927667957715,37.25332737595508,47.68388777331244,47.698339261765376,37.619046876962216,83.29941385530005,46.588404343305335
32.2956472941246,80.17280830697918,61.70665161178013,6.8713677723960975,63.00931268616634,38.920861862343884,36.734051527728,29.757071644081545,44.09019050819751
79.51861947687037,33.94501925428061,11.38383934766014,36.95741994267732,82.86529061182893,88.74245353703603,52.594657690145944,78.92906546771047,59.4805324836565
27.083225126207424,81.48251137465122,34.52231428016921,46.423851973922496,78.34695600492677,89.39335106699905,80.87994445011508,3.121356033874756,57.08169456045845
43.89714207056361,8.011484638467515,50.74119387178089,72.27377522388046,27.706924971339962,33.581636464153455,36.176831192256586,96.68655502933936,43.68208421709737
7.845638134226595,89.48166560605276,87.42225246851758,65.6729484721608,94.08801695592042,61.5069754014698,52.42547205377367,52.65949425897893,68.28110002884547
2.535074341545751,54.75923761537362,49.35465803401187,70.87656552291543,12.434584143087035,92.69075621458641,67.07273254426008,30.328102606544526,49.041422566898845
96.26484146779251,81.72977699624937,70.22587660316643,0.8363681876857099,87.51336186211522,96.20584989413516,26.9439446303655,36.25832125946771,61.99386430528407
83.59801205122058,45.23182845183001,99.28168389990704,21.766739958053606,97.09402496046185,50.895904042204755,27.752280490239258,6.640535346049736,56.21169931614914
69.59742060936979,64.35776951965249,13.148911989798162,66.16842883998565,17.715352322262557,45.28248052843268,93.34131270234548,98.93495140420391,63.29914403350629
40.89529444142699,52.640266093611324,27.47315255195195,48.398936817974715,72.20660642037853,27.869431592852578,72.35345733310886,3.9291945150692453,40.343352268683034
17.329432007084577,73.15895217553319,39.45760755976464,0.5313475668345946,4.028551877799846,95.887187319041,57.71866762233089,65.49071231478591,43.74978202041412
15.643704267108605,8.162998203058958,42.18281785388314,80.44946424318223,40.542282513915495,14.281430447286736,64.7720054420612,44.273592770645834,34.03167364789612
25.024289816459532,6.03520839905638,41.102107526554576,77.28095732903374,51.6283299197674,57.9829576047725,2.9299443103418366,94.89162181887151,44.994730155903234
54.92266647061205,24.710323401014644,90.76110025565549,54.841916299356264,58.064522590963406,28.255026751863888,61.81029655616969,24.599974030679515,50.47651677838966
71.45959227000624,15.954468011318834,71.40326444668564,6.646332577627212,93.59372482485595,27.90082903477966,50.95088732242019,53.20868239380113,48.81139837930134
66.01973767177313,87.17835665922017,60.79052140907037,76.65150495325847,67.22506872941946,40.496858737618844,54.574967977943565,48.2356208582753,61.3375124825758
27.993389694594285,21.92139873580443,30.93727178627821,58.37135877313639,48.1277951219237,99.87929358156545,35.94238268308171,70.28664440501014,45.083412815297635
95.48652806631941,97.58652558191314,82.37903842212947,78.19599771579591,80.96750362658894,5.4966306839822066,8.14738977129419,6.801023195242051,57.629646999731705
73.78969166957685,33.68957917711069,95.5060511484989,75.17469923958404,95.05328209544089,57.85418182035315,19.33392336120522,19.378913002335484,61.6334091570938
55.43540525114007,18.211791568869927,82.11982825502265,80.30020719578371,2.2066148682290843,8.257215803527718,95.07447132126717,21.456482009284983,44.2007151226738
61.17207462343522,78.96985071424791,0.15651051914729042,51.80080664046248,98.25212722560387,15.452082999051896,40.8699562270934,73.81507548416897,53.441180412197674
41.96000624277899,65.87077755008761,63.6401370183407,14.032451819351499,8.613213906368033,43.95629417728987,46.66831558308642,18.913869632674007,34.82059461440704
24.773098950115745,49.8195716453139,5.1135381442100725,67.11574733796887,81.43867792687614,51.04601313464413,5.270978985343899,57.349176389097664,43.65527644158132
35.597267865126156,55.53635509376312,25.760722033372186,62.04737850519706,28.033475255141248,25.8792408364524,3.756622954398059,21.52438205009537,31.480165978703884
75.78461104643691,71.92017782722638,5.952470034777169,74.22531871990871,13.217965775387174,31.645713087441617,71.71814470467577,86.16249500839784,52.30352612432562
1.4393488629755868,22.845474133129873,60.37954529493877,16.98810060507353,43.98556397138349,8.696702025593305,53.80946641211113,94.21854544896385,36.274616061838934
11.607264050691624,99.63339160567419,68.65899134926067,19.497519990028923,64.39565794476135,30.32197838442505,50.87059842162667,51.84929749422405,48.81711424102055
4.600264202175275,97.4793162146783,11.448763806590511,89.04095172193284,38.0951845023475,96.6558439380544,24.312453042266867,35.23088842091783,50.37282486250552
4.072880231897013,65.03256863469369,38.38388830449795,74.99777984520708,5.456540828269896,94.47073816724817,74.47507316299222,23.405777501749913,44.91257943217846
85.54605840110072,19.954245092914512,45.6236508955542,90.82284887003229,59.94611396587166,33.4878290136985,16.82365791084919,4.978100152304377,43.85358237465498
70.36578593800236,68.02282424312914,36.90530217609166,75.87153211639207,90.24032761106747,57.08539362787616,18.993474366102003,26.85000761974954,55.458887406303
47.41738290873252,7.219840897917584,12.102500048519305,59.71553059903019,38.32153659472517,90.95953911109443,46.07121713482755,65.42357799453178,43.7058122121086
9.783416065100148,3.0652502205806065,41.89477901874754,65.41327370278736,21.633277763082702,0.6183822640896675,28.62798621119409,53.36169313092108,31.643087700412934
49.16158751168324,25.76828885112137,75.11780478084181,88.91279239400099,44.25773459328154,81.06835703375918,24.746298123314638,94.40412782809274,58.722632929389256
47.34717707805657,46.26229567393163,7.100766453325546,57.88067545119405,4.836271104878087,94.83695527889189,64.52376445533316,39.62772624917006,43.96308014083064
17.320186991001517,86.82725054083805,8.018001408190345,63.239132432838744,82.04875844802748,9.132573433355706,65.09717452185446,69.38633423283946,48.17706060147322
43.385164923797305,72.7169069766308,35.47712918359842,15.647671600360058,82.63408109501867,16.144768603292103,82.45170697999292,48.93227474751214,53.27067318805153
39.85047343973734,74.2706521199981,94.1725711618925,47.39212201161027,58.800046342962844,96.07463027713554,41.77085669729759,51.25762159242117,64.0544321625809
61.585009805221645,42.54933344480754,66.85726467229141,71.6397111958099,35.31028889383895,53.75401436403463,7.308509102615024,26.777431460411748,43.84951135489156
63.50936508676438,34.59349925469629,67.86699566725648,27.09426983163654,79.97833644457833,1.4196634471723701,27.366638492145768,45.49507768419997,45.627943856276204
4.530400977204452,37.10387629846027,36.1919990837865,20.22541805245349,55.46870247883672,25.763199876352914,98.00054631968169,47.07849970127073,40.946727737083606
37.46126146264712,98.76495637360578,59.36607912085384,31.382680822441557,82.59323085500162,44.99436742688596,59.62585752327021,70.66425217489339,61.12109256217294
62.58599157142364,4.010919141248248,1.0131184027743378,24.150062799283344,63.14587925830206,69.29089110247676,70.97370848010203,94.06399991861139,47.96536691677282
50.31362585800877,86.70314961224486,63.60960464095422,21.491263703639586,78.44054732127972,73.31603781367996,0.7357829625414536,32.93212774825043,49.44393548366093
85.64898411883223,57.86754085723934,91.32869475762368,42.48508428680869,59.856299321776,99.54215129254561,51.820573218252086,4.2200468581298445,62.27170403701014
65.8693631618945,43.86154191895905,61.25734683448192,90.78385138835341,41.41410682156662,28.7511199383759,3.7528657531803122,49.62951255006397,47.074789085868275
16.29344270814297,72.52576604151365,87.3698593466345,50.705964673871826,95.79458599261376,53.82201018684752,56.9230212091448,54.446133214916856,64.61860918086094
7.056874740042984,48.666894142470284,72.39730554660937,18.792038081532304,54.11138248788448,53.332354785960504,92.07708496360753,16.844055113191526,42.87116652217616
64.24192782063156,87.34232380816606,12.055841640369025,7.697166938087408,60.50895185405384,40.56452594472375,96.84191305004079,76.04646062760668,58.734702506169775
2.6511310541621813,90.07018640112585,90.24533072858418,69.61561451379252,22.048763941474924,16.91618938424202,54.055267538892416,98.49291084414916,55.28928660320731
58.57755812734633,42.17209268734554,6.644384435577488,38.279876443638784,62.565078942727645,97.74565631838425,45.8204805252216,94.57747170084609,56.39599636567817
94.02302414249576,27.682779723505156,53.39674725477638,82.18309465853592,57.160764948294386,85.3317186666586,94.5017094248494,19.71060388236522,65.91512087094398
57.5474177875879,59.23503285933622,14.213712379345766,65.95107686407702,18.483839794702494,49.83330282942372,67.3609831996695,87.53632399007607,51.259712623018466
38.816992620652194,91.2363345616691,1.1706610730904066,79.62414505413685,5.958709735314372,60.32454226840298,6.489927953840946,70.44936364116847,45.987331382931686
64.32882184423532,21.066218900566657,42.2034260127639,27.194603941844875,60.43593197147711,22.72610535596623,46.57255776674975,45.384656380691155,35.82395256102452
45.825289049151664,62.296658356348274,29.504070765415623,69.2358922461058,76.36922693503206,54.37870703917469,24.02450184643039,54.0610994324729,50.521951642322556
54.56167893159349,63.156022009252055,48.6000493797603,26.406198469371876,52.34013709220082,69.49701331214759,46.98043214486815,84.9600174982458,53.964567989997875
94.14648087765252,73.3113022415281,57.71998867345508,93.90684794502916,22.67726253196457,51.51670283865888,45.54655720063617,48.01349396383732,58.34781750935171
38.610263780077425,13.15676851272598,4.373907230894735,63.63742815333744,66.65219766930349,99.02851705849413,58.2144802814742,37.320736910512686,47.19437777344461
96.11905638239142,71.58249646820886,12.300329512374564,32.451180017534206,8.010572660960225,61.13416562477262,35.677049034925126,49.32474930259858,46.59644981183409
90.53506419560637,90.9032520665641,55.86423964504254,26.951186229227265,44.183370480195464,37.09737125921691,16.427044945592804,57.91298040350491,53.88963365011741
19.579113478929642,17.968310887024195,34.316735317265824,19.09265850716435,16.33667583984202,77.21520276158381,50.37194345899563,18.907765377834885,32.20530421798086
6.9361300875165455,23.754332492387764,72.9173487549448,69.46409588937279,18.445905105988338,17.046251158164203,83.0202884345762,90.09077302669907,46.37800368891912
10.077800137742665,97.13950940416396,65.22916485919397,21.87156129979273,20.229394915820365,38.451581370626656,66.40122280676023,67.41869488296139,49.09039908528308
1.8221825651549728,18.097695270948975,84.56043629899068,59.53032659274891,38.67070570439779,34.69589503775858,33.836786592521584,63.326891733748894,42.0661863642355
9.44429607559284,85.4385093369579,69.24928266692253,26.463502692535734,5.115020562039763,43.180709510777724,93.55230227588572,9.949622618063813,44.67126805321904
68.30067734163569,49.227785644803475,42.99310773901481,66.19689447938686,39.77934409290982,78.17798259287262,91.22075712491822,60.41739381725918,63.593116259963125
7.118864846022898,24.723107440317705,67.29666223944324,81.49397285405392,51.170744711470086,48.41730321634075,20.934839938409876,12.096066223849233,39.21739801157972
31.89756302937613,87.07499012725114,27.538117425541852,77.80252431446532,48.329428496632524,79.40144502659628,3.9417585120362975,7.869767519539906,43.68744329410742
84.48753109694546,44.53052550026655,30.63134987782127,76.08513309307817,38.27841004030405,57.64889031398659,74.13087083507622,52.73108956423933,56.00957472855055
2.3271935735825866,51.48173539296902,78.89851599207933,18.772240569225207,83.91466080707525,34.206943465755536,82.76102613491533,40.2785534046495,47.980529948255395
81.44684825889358,35.92333693997657,44.64195164015822,8.838494698451871,14.53266924205041,80.99787436834724,96.78645659513553,58.88102701562232,52.125549676996954
28.185477477339994,59.29508514349274,79.83803405183525,69.89488284873856,50.5696743781374,23.828967055309157,88.98363940883107,8.92221680572386,51.7258480013555
11.816482762165625,16.352387258502276,82.24223736682784,36.83472137943513,6.20414169565543,22.43829797997955,60.053476820641485,43.09830628472584,36.31035522374777
69.67371653641507,39.10815366517607,85.75623376612837,43.23462264033473,7.1155678877909745,50.45029240548358,53.00523392123808,17.4786715045158,45.62557415485457
62.8942846779884,96.94123223352875,91.66352358412072,3.1149092793391064,57.38658496770963,26.084924596208893,2.784105126258629,98.71000859241165,54.979696207996675
87.74720135270529,25.813343270112753,43.098522051329624,25.95764492750492,56.6018424887821,0.9087034951216322,24.665644684477783,56.11502124351744,40.40010304919395
73.50710438038858,65.67366645412922,31.886681832113883,3.3676403874464023,87.8033512844457,64.82975272988016,45.96147517329264,68.74368609408673,54.189859165708235
80.34809303848486,32.51900642246949,58.21987465941139,87.91857726012476,55.78736756600732,51.1093821472398,62.85039000835678,32.541828068260784,55.811030381008486
28.203457257130648,77.34731256866006,37.117242343762754,24.339668321853047,95.97910204048502,44.55178144931612,55.725183331841066,9.473891477934416,43.081329054251476
17.743954377972283,13.087366071834982,60.1074166800233,55.73371695730081,4.869484839992976,96.69685146183153,74.26359896816905,97.58708627835367,51.12088573828108
75.06147516408583,96.98210450785447,70.55858626438246,3.897932066113041,9.800768478074106,57.11991839629137,27.976693088704085,28.62590353831832,47.19921359451354
80.6834739267264,45.37895413836392,68.84050184921368,66.6847391305658,4.40658615703814,86.34315777893845,56.49526076524732,42.38081851735742,54.99586365685226
99.05051420006733,23.605046334646396,37.45528870201213,32.30273457540939,18.527685033354004,13.945023620516018,8.814224339079214,64.9863921702575,36.86024954706587
41.26176769114265,7.349674733001265,16.68602016987528,89.79191869576658,54.12701109416781,56.92064631294277,41.366552358320696,2.4697297686111286,39.67952767780315
37.201808579278314,16.975790508754073,43.05293384622075,88.81181889340358,64.5572181427428,86.7979626730903,75.0160832954601,81.0259130517287,62.72132011668016
77.64129607419969,51.977394855601766,14.259414408190874,32.529061836174776,4.55851579486688,58.3105757279898,69.3400853429044,53.65781900286203,43.1252046760167
34.08035402530179,33.70031764312863,89.00970351838083,90.09608956904678,94.59708898455993,71.80141781270015,99.0642737172179,27.821718706882216,69.51548921005956
93.07573256035647,82.88833658826094,34.58774607378574,99.61576734987788,84.2165376650381,37.20435678122074,27.7891125987756,6.160798529246925,60.44699869703127
85.84127518430118,43.08875236618059,15.445974722332378,82.5415664123948,29.661248215709314,9.244951703706661,49.81892991739792,16.249841547444145,39.226867794246246
42.89940273750184,24.871427258762992,2.5447759905750877,84.4871347755229,7.718753022646796,45.79002951270714,32.95304137739967,89.50338588534369,39.698320080775204
75.08710677914974,61.714498660403,64.58223862864843,24.90087361090899,16.98870732190573,39.44793908388575,44.060311405917474,68.60242239358911,51.80519360184341
75.45428740846823,70.67772168854458,63.69023174547432,57.67023988577563,12.694441375497266,86.70601823789474,85.6950129869388,24.990172163688985,59.40355864402472
10.31238688359326,16.704190790094987,34.060416658129164,6.725591396736785,12.328377929894685,24.399530235247223,68.42090751884867,6.560076494502953,17.999378843477267
90.25529066795667,16.761921628831765,7.171188884765101,9.491793682166971,51.85616886657339,96.6734227535108,88.24411913475817,69.06153123866363,50.89006659768794
50.525237244785714,3.667142693354297,40.9628894895232,99.88926120332906,24.58474424934003,95.81381198044961,20.351110833188645,57.24077259677651,48.630632035998424
82.64574661077417,73.64020150656405,31.12174950633936,32.663924942591095,35.81397165291445,24.76316430714387,87.3361117841438,40.4519524458235,48.728517543967584
32.00496010306117,66.38045276218051,67.71206397350093,74.81839120488463,98.95053333843225,34.80519554773205,5.976227417838443,36.361144919006385,51.29927361705667
89.55232284962005,47.46308757498139,60.57792494526903,80.66650530268164,68.43142489253448,89.55557408738851,88.85992804371524,21.68142759291083,68.4133168385048
38.92016787341631,84.41704489691972,36.459372819754,85.80232710072292,94.89806670470014,96.66222208961075,32.90737794607279,66.96112565375176,70.052972343688
1.083765148029836,80.56701529500532,21.78925542549901,99.76282974021565,14.255655503311559,44.3439102836044,31.458763341406648,97.06680277938705,48.21009185710185
90.53819764192636,58.535436439675216,98.80359661555919,24.149648525686786,38.21394748325693,32.099704564089784,51.20885766986639,17.571524583682585,53.53519778961342
9.128667678613356,86.82712805132586,45.40016211961149,4.035082685969971,55.47318032823543,52.6094013251542,94.06901877232318,59.71166200155034,53.76430819442152
31.93136375904149,20.584121003676824,68.82742357802371,41.1191517994586,7.675806188873802,68.77692063657348,4.778136468140537,42.41850557459762,38.632547964752405
95.0061967050805,11.191961939772789,14.055296757836079,13.008066982894695,0.41874436279578653,27.34745153749798,35.22309750707453,44.668872174466486,30.684470182698494
95.06071469375561,26.974961151698963,48.55896996593978,2.2425889162055124,67.04343337969175,73.64731746190728,85.65719886833357,25.41472801278144,49.14841076061129
57.34378881232861,5.708685608931486,2.7536719869465487,36.04268271414861,64.18195168014353,5.165735711464103,39.60544774354668,82.5134875661419,37.58608120876416
63.183721216979926,53.1169528001032,50.545511791044994,78.37382510752364,41.07888099996118,4.929449276441645,19.9156897597067,48.52556041472411,47.05549869643776
44.84455219783198,93.66056922949615,96.40174071177023,56.61806912250709,48.96440760320326,38.628770514554525,42.47941813314118,54.34058521982641,59.33012988067051
29.321077169806454,3.9343540668509647,38.420671298580025,31.277798921035405,41.54430005920896,35.34731920607206,38.55525014916693,30.476091279732575,34.59877550895717
32.8664545369916,12.21099140100268,3.8996012574911587,65.43420054927196,2.4005044844888856,31.56332153671523,91.54162014667034,18.180846566694974,33.98185968285077
67.25184560770384,45.21990282834353,3.095579091934353,23.20181803088107,33.537160621746246,49.101976266891,76.19343757430971,8.591038820282048,39.410641609567044
75.237452943768,93.38750175279048,38.798675994686946,1.4381446072085025,17.708225539728982,32.07335823115712,50.51155557440063,71.41191409249159,49.74361501444071
79.15790437258485,31.61561049767505,16.002493646319405,76.43533864364274,9.842418910136875,19.225791846809194,98.8370566721571,19.623428168785562,44.5092450472856
78.96181427945538,50.723480868839246,2.335209632818591,62.374308486400906,95.67204338893498,30.946954908860093,46.527753127592334,69.00753541887977,49.58301651518195
9.120610304869036,4.15728590503921,75.62136139501769,76.23026245009599,59.935972504216565,97.4904272810235,5.823783082027523,39.03764460469539,44.928890537932396
49.442030470258146,14.834320096208886,45.85230088818907,3.893801668766561,72.86562842366027,41.11134169948486,26.22743218149849,41.57748009896515,39.369877995374644
5.755876001664428,98.66301229588468,28.924477197265453,83.71196278306522,31.53637432661175,44.47127768583358,43.60704802193126,46.91774960927717,46.3332895599951
54.95288823237355,96.51186964360456,90.00831830164807,61.95262000363033,39.31471294940152,57.654498995114004,15.690262414612011,36.77085081275432,56.160057658668414
44.1530501373377,0.49399809344096157,11.613896020052561,56.33953507126401,23.692399389672346,98.33407684142266,94.7565126324043,10.061997722259008,40.341010610675546
88.77041827582998,95.18117854232389,95.59188289553192,62.46140481145316,9.696567096542474,24.160127643576303,76.68488978177731,30.963181000284578,64.00655144631848
35.09150125520787,63.91199378155004,31.396671737735282,86.4433246868364,17.90316374415838,68.12821105324338,26.828720042777267,66.37343606939385,52.87261271119884
11.706701642760587,86.79182945200222,88.84036723086813,58.69365065589071,79.75140452964858,71.59846935417241,59.08045335179158,66.57844014688709,63.61242675522119
14.299168205283586,45.47398556338591,60.294287647946156,58.095037988817936,67.75458051837758,60.73244167930659,72.1449157109572,28.622430723999436,51.22170200553747
76.15106317174723,51.55960285792502,82.67073597414874,99.06791570657658,54.69288759854769,8.857833963664408,94.1278928906798,46.0102626557688,62.781286256854195
61.82180633162611,48.88465802569202,98.40131632104642,75.6730167068568,47.508987286676806,67.68722758275764,88.16353491754107,19.344722801193747,64.6655480247366
10.112267612279025,66.68642575461044,28.840543781874572,44.22938054511353,92.24342836561244,6.409471103617548,51.51922261382137,21.037208152983577,41.15410964572372
8.410680611499743,13.96512547563129,96.1135485407593,70.73970000329277,7.273494777866841,59.61426495498969,77.46526197930176,2.3047088406607408,43.6092592912268
70.096913145912,2.9973589872677953,38.94818949024204,38.92304716917885,28.060081323791596,73.95811772217426,56.2144753827585,89.67465499077446,50.522941671928216
7.276300636419353,30.79299415911909,38.55119047369223,22.8875462483499,34.9937853570714,21.096989061995043,55.27038900455401,21.07066650749062,34.86329509386339
82.18600592903562,70.46807627366466,34.03871042545057,59.68518768877594,78.24258122127878,84.1622007542774,11.47419583381919,22.75338769364633,53.32044569747209
70.62422271564962,20.185345212294838,54.14076073475852,92.81820981139515,99.25146201619714,3.0353805533004263,12.613765801615207,27.96014326451318,44.15745455484248
8.134878064189976,67.34324333249174,15.41450431784871,92.91395200154628,24.067051475715306,84.3812863658306,52.95336150224574,12.7408071695429,43.957455127273484
8.483771408519193,96.99120461072704,55.37114853580112,34.19052781054903,87.43073341370805,46.032905064276505,26.886154497900662,63.92628831813628,49.2781151763317
98.66395785011754,9.39007157894184,54.1704812410004,52.7677466221695,83.06227604317912,21.75879399316445,2.103690246046863,7.514295317758657,38.193989571535305
37.427079575612034,67.26021182251263,76.190181260487,21.16358985698612,22.46573976417666,13.3778144993968,72.28392039002122,13.420242632635027,38.44596816683251
37.06421470668909,44.375021930457116,83.36499619375856,99.56311094988834,39.933258019922256,95.33071675823726,3.248659669016496,64.47567265900929,56.575078550009046
81.27995672575025,86.81422543775054,44.044135031242405,98.11179078679358,40.96728692925191,7.266558758115671,59.52768411040545,33.96606204814427,54.58797627453164
94.72485773838586,17.71497894473859,30.233324935149376,64.95089297074473,97.82206685265584,19.909341993592566,53.91937941273144,70.7947826701189,57.295141090655484
98.6001063822871,69.26259522261645,25.933489731709447,80.44140596774734,18.089190137889833,34.7822347433046,96.88146905778045,55.742474467014205,58.954242591623
75.33781852589416,83.81152896481102,19.462383670487192,71.51001612837,79.91579711047821,62.023484896112045,48.421313934764164,25.602117306151307,57.90152841738854
37.62595855309158,94.46142194740233,5.764758219902488,59.31582190394682,33.419271417310995,54.480108527609836,6.360143637779736,65.08279504893281,46.35225045599894
8.350071669866876,68.32480282896458,34.244797883471335,5.3347996988897695,73.08703457761604,12.564349241231398,55.16879678064617,11.627368029288066,32.05510753918393
77.71469159274368,49.71747640084273,27.024769213078326,45.476434255266106,42.001100429566286,28.972798373821462,84.10961706161014,53.64103830800304,50.55314890695703
55.840424973580504,61.78472402012139,96.64173858664074,67.47863021674105,57.835976311654,23.875177108602408,99.68492842814399,43.71481050450347,64.08857124093429
42.42220092469763,86.89049844787182,55.77088262500439,67.75316138836847,83.26117733261312,21.354285449034137,43.034317368907246,26.787358281744076,49.52609962603967
90.6354385094736,57.060974663882966,34.72770390305075,37.31226184223836,80.41655649838842,41.1144336479987,32.02987424967425,60.40049977395001,49.44240686818097
11.119748230615134,3.038705969683686,58.0467600993696,94.16919866580305,86.64231835397001,70.40314525916568,90.66532969519989,87.13335923402825,63.344555346074856
49.262510429085914,93.09486955069778,13.91967013456955,16.7357032236781,5.961732534465902,21.745293221723593,19.124212907612137,99.89046997630767,40.95083630840138
1.1353644767419069,68.95267510315611,44.40437492022029,50.03594462155606,69.20505530397449,36.66788797029814,61.542891503292665,60.77627687434245,53.21849911640258
46.86606419941263,67.65133857772466,62.62343214210638,69.08839765508228,13.998737672176286,39.09174268411623,40.57144241809477,40.470587432917014,47.8614075994374
5.630327568183735,21.567515239771716,48.889783179245136,69.71358058918092,41.5818568018411,97.64565294354102,4.108236495555529,22.52071002162016,40.5966872893836
11.881791626807193,65.88854702326572,40.177880065432426,64.86389567688155,54.858841505468845,95.46663568790689,34.72884743056978,25.709608939511174,48.8060607073085
11.752624677710488,39.386440565415846,99.38483888996981,27.528821345186017,40.273948474683074,80.01375827520759,26.52285225026746,47.94549781497657,47.19555222984729
64.92103021160635,65.12329770414921,88.0314762148927,15.620656868662197,51.961167580300746,24.165892081918518,68.60911539434869,36.72777012807092,55.22956445649273
74.60448792654233,10.659303030799073,62.34059581594401,63.594032682671084,99.65263087986192,6.803731409166969,94.87904976919181,91.38145226249442,58.741424835832674
58.336876509715964,65.7845304603036,56.93773611822828,59.930211613943776,13.521731371285473,31.690413772062477,26.804718737863777,36.82954676557095,44.55670318376515
96.21725484745419,99.94137257706666,62.06604798245841,17.935601028924097,67.54560453364256,26.679454943383085,81.14659391516817,37.34445911454355,65.38072207798483
37.48705795237041,4.821203886055603,20.131210782243325,70.51391455705634,39.600096638561524,50.59258001463939,5.535981693840952,38.35345124339769,33.94350553443934
28.571208628186074,97.71741842213173,39.51377432643186,45.51719917336564,13.300979890732878,77.7727910067793,53.81210100398132,83.66202103676581,58.284582612512516
86.85991281894603,40.690796072287064,3.945953289089932,66.7760591603153,15.873676337430954,85.8322938878858,7.055006370989458,65.07883208469019,45.25564195364546
22.359583851945263,87.07534503372591,47.554603748682666,83.73670797701507,94.92731062456168,84.48640854105085,93.40329911306394,61.416885031889265,71.8059230019144
96.32225394406113,78.23854840582734,54.302458395766315,16.972842857692317,87.9601496711762,35.967556122306775,76.63512805573902,33.41430223838622,60.043704366146585
1.2154474689816341,56.70162609866678,22.77497361032096,1.9144867996836679,90.70419604150219,68.72343434606829,65.79499112045923,81.79041768324394,44.26726448739831
96.98788267076391,73.84492092513266,96.40288471655137,77.91025863957867,99.15327758273865,31.283419752422002,82.38963816246643,3.8363861355701134,67.88972791745257
4.315991195057611,87.8515561301348,90.9454610937242,60.96974251526159,20.831539000851794,6.090554323518271,64.75197955701631,87.07971723381132,50.66081747240403
89.11431136980711,40.4140321651033,72.21432354559059,69.96395696221217,35.543933736406174,70.15652656029422,96.89443971742911,51.27498997939296,67.34119641059452
52.77011090862999,32.70331615632387,53.33866287653626,83.81549749886426,66.92190299248666,0.9827552569787845,71.39579478647715,39.82502348634128,51.9634392066979
99.29647961193004,66.75933855635847,86.99691596476849,80.28109348245005,48.38025398606472,40.91825874584886,92.46586095822468,49.71672807176857,71.2499390575898
7.379656473539886,80.78459419412586,13.065234382346292,96.09201469288247,41.83895333783335,32.937926930207574,51.713189201063805,66.7415530533831,50.467346076884205
55.38542844013208,76.22851347766158,79.0509794274885,53.59350788521182,35.781124933559305,69.33775385188524,11.706441298186265,1.276542651789736,47.466737670295764
96.9302535619099,79.78136488586345,12.48208139668483,48.84956326599054,59.37806319434522,76.62454727603789,52.81777214230171,87.15518564582477,66.65621726019887
52.30978441701488,43.5583314812933,79.42106625494054,40.18871998907301,57.5593428640082,30.409463597128383,12.68728280630933,44.673952531139285,45.118569877877505
62.93986381352625,81.78342161750216,27.576756825135696,15.369104284420454,16.14578340642401,81.16270144448535,59.249347917640506,34.296651970007815,47.4311820047463
69.57486889846172,12.020905537060845,87.7090581018189,57.26072328820224,47.173983751843906,29.391676050493377,48.24930605276629,13.82455656340571,45.11944951398181
45.454106476777326,54.448909796084955,94.40420938253979,27.70125243259788,55.347177620984986,44.63263599865612,62.25753978327817,43.94653743584421,54.892947071118286
62.75580800840635,0.575866049812157,14.879596940511563,92.13075122129754,57.02869387313905,72.7018527014134,1.0046981054831594,49.632277128437885,42.99629537033681
58.43143119231002,32.45858299002703,46.267560506539354,58.31908042770976,21.01071929123518,69.29202292247886,19.484049165536412,40.36466944934778,45.15637724754419
90.11580104909889,36.646153487139784,98.09873781626851,59.284018050811014,74.22713922522868,98.73684723122,49.13304319121309,67.86600938268971,69.4991703977767
4.5446380341457875,39.61726916092554,48.34074359731466,35.492466087701004,2.5199094821069634,22.51610242159319,95.05035615891349,42.0896528759226,34.07355971787151
28.096318959223034,69.54672066898621,86.35475225145451,5.198935197770749,35.483185554316265,66.23179135395823,38.360904035515844,96.14175778465733,54.55164923598828
95.04114840765587,38.85581012703457,58.87315221313199,3.174376537298862,78.02126485356335,60.96819082757774,42.43720260536347,59.92775178235918,54.48527374008211
89.02637838909163,44.86936226225306,37.53299079196019,42.33351441531975,56.389292105540235,91.509845449003,71.46960890066222,80.74779356519089,63.32706540257138
45.56567527857129,23.754413087432745,28.57835555258702,8.456537809723786,26.116243251086026,15.636214164487505,60.3792757286118,10.935590310947884,29.207903612881925
62.013259780153675,37.325179162934006,20.322309108608728,60.68469555401391,69.49531193430477,75.1798163586933,29.892615009833325,39.72912929459057,48.115766697219364
27.738118298113267,22.726962726315147,76.17981913776973,88.09730056396575,56.73909441560734,56.826861626876834,41.08163955674278,33.68477014471527,49.98391830016253
18.81211597237613,7.319592376844364,38.65405068230279,88.29148165187222,79.62436094563871,27.46658697879054,21.769979885723245,56.94823881365918,45.15925681354322
46.36984049399822,60.34485933813779,51.12754622007512,65.90454101322324,73.50251861898234,47.44349141471741,96.60214591302085,86.11135200614257,69.00407156890849
35.33522280260528,66.82127985550163,49.23254800011819,21.1231831472931,61.01079220362347,33.37765970697978,13.063438155735973,7.833821776200667,39.11953962654792
58.365611185087204,61.94903460096145,57.727902923313124,86.29968313588721,48.8177675310814,57.931340278846086,37.18367845664194,7.257479804471078,51.37731068566837
7.773463696498483,46.34940438005724,86.55771456245522,88.60934353132082,13.31821256675234,88.90006108146659,2.583897222001119,85.03177081575988,54.8518892920079
97.43948076661665,37.978578017922985,98.07393435834294,19.66535849529587,26.133301788538375,56.9304984412202,22.17794919335464,21.285008603835742,45.56260805260358
98.62107444796028,86.33336495718252,40.758420857381694,73.74260857706773,41.90994729170853,63.17224183265841,78.04711383801549,66.87532544498137,66.86870640642537
69.81617140197451,51.908178513621806,82.7518922106303,28.651954892712293,59.92992870063887,51.874784711470944,20.117523228887947,54.28781323608052,47.71636915675343
53.60963663441204,47.9181877629731,76.45277946547176,80.26403123529296,51.37078552153048,5.116550644547591,8.00634025289656,83.28935948872295,54.09919527952799
30.952761628632775,2.5642065806435688,57.352895145557326,99.72378999036027,28.818452595952948,23.285855687609423,47.44531798445233,12.508890983640352,36.103561626453974
81.37950197069486,34.12478276261564,95.60471436119332,3.0026005329392813,0.6464357789710551,49.20017294320827,0.9969234734518495,12.978296572261128,34.488613389922804
68.47311725538793,38.019561878585705,20.04745155284028,89.73658657909318,49.623922190081394,31.023528374470477,8.476615442633317,55.681836027830755,43.31467872875881
16.26169393448913,39.88227808969005,10.92642103096214,62.26305335986581,28.56259885622431,18.176359776119423,80.76258695629751,94.63786533583709,45.32443766409597
91.09271844938425,58.017236922733225,85.39619669554222,97.33826191648211,73.46083007105351,50.41328419184383,77.14733448596064,41.499775837075425,71.04443749982472
82.2537242923169,53.360254672687844,43.91498166337483,46.50095175264276,2.394626527048349,32.28097934478503,91.5138820404896,32.694210025469495,45.50456750898596
94.9799913291924,60.79050927934446,84.69688542070605,84.73879305713737,58.482781130579085,25.810764317341473,85.45154359107495,60.66893231978858,70.33585018401767
72.571950838836,76.48832615421283,89.30902051954149,6.239406859827723,94.14742375060654,46.39854174403808,68.3175563239818,93.0448600545031,65.44717573107299
61.34151959357899,81.29857387160935,6.245759361907144,33.527905007829574,17.440926711149952,13.328425808217315,5.233285730066283,83.69278328446237,36.088835970471635
41.82430362906189,71.81230762264944,88.34647629860606,6.701653775120997,47.16494907505954,92.77457330754073,78.28486179866574,99.54836107332198,61.593407593251136
93.27284833540132,95.55236959549347,44.831905536942216,97.53431334790706,9.142199181713817,86.7702097919239,84.55108108405605,2.256858320237709,61.39105692481423
86.60638895004084,1.823258267636163,51.04324890042322,81.69739072718367,62.56819122613526,70.76205857405353,79.90821457719545,11.285814471276224,56.068879051184
4.521867010618941,19.57779856835461,62.659251109321026,85.25474212459704,55.05316805962256,10.621382758845622,50.847903530802604,60.946776336662204,39.756289111147225
2.6366974497252005,0.756287497814212,92.63826067300867,93.79652314338942,40.736552421283236,77.5877254469693,23.290183864948165,82.05764393338497,48.725192854571965
37.64633668780496,64.7474714154603,1.911609442976403,8.510348611978536,52.13770214737412,80.7957328109019,84.53299756887267,28.524434230676654,44.84609128224007
81.0553330781833,89.8030548949987,47.68434683178171,38.55975925133334,89.65746584690102,76.77646177143377,72.71628097401384,23.921108803421877,63.93451263932235
98.72761293149445,24.34822965762993,68.77220424305607,7.103488904400212,19.629430231106703,11.396588711924116,98.07611743888516,78.69757993812009,54.82797977899571
15.041689110352818,92.70345447963066,72.27069576982285,21.07931015500286,2.2564511705347234,64.39079570677647,15.569259775593292,5.638185385323158,39.78652328617836
59.41307153521351,6.026739028956085,69.2532431537108,22.936577703767234,86.16648846991009,83.43247957493986,22.566458305205504,36.93826475825851,46.6058203907429
38.08908566310215,93.44360268055144,13.443512940812186,46.91072110475787,57.71170823879065,57.73534012196677,21.17981498815027,50.58092225923298,48.5011137364775
96.99143978146031,35.16226872396344,29.93955883716812,26.856216745364257,89.06584554618424,64.6407375228089,79.25397676213368,56.03486743503234,61.24167903302332
84.21189231357087,10.142082844921651,35.87155254170135,10.09781068177611,59.69452234131726,45.83634794263062,18.690729645011817,72.86151567927769,40.98084903272712
83.83287047111378,48.58717591863256,80.4437207679505,16.749108909410772,81.01610899597024,52.87073198840526,6.665982982330609,35.48457234306582,47.715200974113536
46.86931597949703,25.677656772050796,27.875987241455302,14.727556355209092,42.967336335514794,3.4376858351725215,99.85608065856286,61.26843446746072,40.310409806999274
41.48195023376652,28.487290196192284,21.070496386720315,97.30767979122983,74.98599312882688,63.89630219732846,2.4817211445149145,58.53754227909563,48.18543057008113
27.340707193070624,30.728996492628657,95.74480190380962,75.92925069184736,91.3041466889856,8.14472128911592,83.52440601588657,54.76161006537471,57.56330104864864
5.6375496650927115,80.30258978326634,0.88632851134689,96.7761465269562,57.21229637222063,43.50145943402234,36.53668415506528,64.04832931422122,48.99730670660293
86.47223762550531,53.91612766752545,99.78208556819781,43.974048650790856,18.078515056237954,29.265509766740784,84.16154597578152,25.94491710680763,53.69791421318721
81.29010091300776,31.130769915600364,67.68212988573956,27.83684816626566,26.879761503019818,54.54279502117131,55.4620491211145,8.464875358462898,41.85717114038945
99.97176732861305,61.03337833109184,82.84692994491171,79.82931972091866,19.86445768974058,13.341633552320708,90.16312294863602,11.927167203974342,57.590388030725535
99.66368370739053,71.61506742231936,29.461939634619316,32.62539180411468,24.685702759573292,69.16434019733182,92.61929864146266,22.458238265390108,56.058647989162964
55.543170560262745,27.262400073353376,1.4315277667059978,29.93833737053483,30.64154493510364,79.50115369284704,0.9098181280775997,50.01979355227852,32.05267837209536
76.89874151805105,41.354910152535155,73.78695185615301,23.25059922078312,55.51337867531885,16.33544497431565,7.541217599278827,84.04427505460201,49.19687110336187
94.47657298824281,12.188609333694755,83.41445970006758,12.967897822423534,58.79916294638328,10.431308735188216,25.035872957085548,70.12933420883842,42.38944006093836
84.96473906774115,18.11493495346803,74.04761319535191,25.646306101676597,42.649974724186116,14.551548278735915,66.93154163635016,78.90406042020471,49.57011287978304
24.734810174319765,68.11178539649828,14.285028730083859,35.53197484738877,61.54207798208354,87.71275618985017,88.8272196511506,35.09756239260914,51.464384848102796
45.05441353100935,18.143834769562694,75.34279222569691,67.39942081457303,8.157492561136593,52.81892617563562,45.994195129396275,40.465374164855014,42.89960874617932
12.915941515149498,52.516338366706016,76.8922782107641,6.256484221945158,8.778823705815997,46.72609960075026,60.697311627426544,39.368188599061284,36.88881228384997
95.40510272587224,70.90462617224327,65.85405156700548,21.050693966534297,17.182946035765845,10.671181910235427,18.849985279556115,19.187318440450152,43.63038722682408
60.617463445088006,10.687692309474384,76.61159327955862,80.90236402916764,51.80774980403447,64.95560067569618,80.49668338816853,6.121665814357202,52.32333341511533
22.864280550346272,56.73122196289035,84.59214396777321,14.692192358377076,21.399467869831355,86.799959189509,96.73281113534698,59.09160928272268,60.24540423454344
67.17006844058567,25.656278370136377,61.360411423745845,34.26451465225215,28.328440349257733,82.8185869323453,26.85989329145975,98.92166834205861,54.04673628469229
61.81282404578958,96.29268752375798,8.860471396967906,86.46589218581401,40.03128361729941,62.60547089808013,49.48259516005463,16.682970495026282,52.96338468997272
35.81627180328405,48.35456467199247,48.76278096672109,15.492531114344265,81.18661240103798,7.527871665167362,8.61161105063738,4.6684819899273755,32.25507141466433
11.355759219962902,80.59925497751581,7.764933467160507,8.27368356181899,1.3862135912860118,11.239702717601297,55.91366564629684,77.9531681823933,36.870653169008364
67.15731955927996,55.022654215626176,40.75430310324308,48.45379950800108,64.93788202366224,4.930898710982468,50.27834418466806,25.25860066847242,42.61203923887904
52.03077009037933,4.341253285481916,40.71064891256276,30.24195112785364,66.88765310406853,25.74792164924693,14.44364841550776,82.96438053529283,37.430192552176436
77.23183917356393,63.31513755940223,6.600984414024158,56.34083644838541,79.86557803566366,13.566146716037775,44.2066213118075,70.39366670345154,49.93036890214818
52.01635011119934,95.14033422066571,34.88205339694793,80.38048904834751,93.27529390603132,26.004804025243388,33.410465208656326,94.56735370508046,63.77392924670062
85.21815003185401,60.16118201463312,11.099809879131485,13.714848815274316,2.0137848949289827,38.50580557189617,52.18308753051893,40.8927235756672,34.52213178961288
55.190683877448556,81.91888594267903,80.82352100092221,58.0699084554285,15.378370551321618,94.29827840711357,58.565433542879916,66.19698394506341,63.849936693994316
56.093797153538624,88.42064633484078,94.76880259644707,50.550876038986395,88.6171294055993,61.03760597816921,0.8495578607209509,46.48547808132707,64.24008094803102
87.66536026583451,22.807977194893247,7.231647525793861,14.407878601319958,45.851856218701535,83.49737856829623,76.10059829495553,63.05886973085435,50.380510581330704
40.3482866212397,21.204483990822666,95.51152072917014,62.39984855289824,56.459063893346354,71.03515007123322,71.30142918617408,44.95989060077373,57.31708828775671
13.401522845064074,61.09809888509917,52.25765993367452,27.364041786077166,66.30272037231474,11.250313052663174,36.62863862065222,18.863224642407484,34.65945661987681
2.8782676313338973,41.10284698067047,29.95656779538739,48.78343185440125,67.90666044956374,73.59204063739489,5.2935935568818255,50.78974160033809,41.83491722234958
75.5137255673619,83.98613028667204,7.686207527616351,8.227232427706188,93.17404033165082,27.509888155912442,75.49325397850504,52.85842014374423,51.404446755920034
62.03095513534647,90.00231233980112,50.06242680704178,45.958405721362304,99.69494174116697,63.91078469947063,95.51751604781325,81.0603848260161,77.22250775595083
70.40797680992236,35.34213793027181,79.45155444907486,30.646346804282032,72.01574609309402,34.09619736429885,24.015159602201418,73.55207057935812,56.30761819949164
21.296416150891073,23.687055897448207,70.70864772666981,82.23812111853543,28.72212092051508,99.76722632646592,32.35246137370379,66.3791623941444,53.65740308587028
13.637147558676975,78.05255152438619,5.022601146397376,5.697872699736828,87.97524022943436,26.355147949677782,18.381288948181496,11.338709555257253,30.784539775315242
1.4544665667881929,27.48060355481361,7.290183536790352,41.860727491832996,4.922091454076161,27.913047077426967,57.693612334483966,72.0616290663715,32.14586475180609
35.058755880659696,82.26143185136785,40.28732826326371,45.8431424131438,23.10808528744962,93.06722555623983,15.484139464745494,50.03051563545148,50.33217504849483
58.991768685463306,42.37382536487628,29.52904940479433,72.50060762991187,89.73857174637149,2.464440463632267,35.619394346137945,89.40995361061593,50.96646794435661
39.22440450997323,66.75498992914704,23.238432305604782,57.428757509021096,25.619151443935493,69.66889878731969,69.70130139342629,91.98709341305428,54.39976839516183
43.747492202372904,9.553531383466819,28.10044989087136,66.72123371941811,22.065105962174847,72.53263907358782,56.01159830093484,5.515659060178546,35.38626882975907
90.41586944937484,62.3859324676573,80.34827432968846,77.7049285651756,13.812529314024724,83.63785774103994,38.64625643279352,82.06415603544788,66.9451054185684
34.82554670233004,45.17676787372291,92.92280536318539,86.22029736581888,85.91117576469165,97.44393106384753,42.02496018075419,3.769739042267062,62.37015868649098
51.39894891598108,58.66084631754741,40.510269452756646,31.38754967224705,50.00582591910867,97.56019191566524,56.21108826232295,36.716962569502265,50.10660910241887
78.3653012741143,16.801420774486342,90.61110021324971,53.802270536390296,67.48932030541548,6.527675756646389,0.5864727887161303,54.22999756210791,45.1412970917585
39.65427823212701,73.68737449441821,32.1495701247882,84.01080784391999,23.906638407502967,82.18393227529025,7.8509868453609855,14.810079862712744,42.087200675602354
62.20867002278735,86.27970775432286,47.64369863437916,98.94511309650565,75.80404210112165,64.63099336573814,88.12580677630116,74.63138125690769,72.98607700552029
86.23637087467452,21.673980009077564,22.602899781599973,88.95193110437631,76.00055449620984,64.73421343730912,7.787898909129076,0.8354704172138572,47.204948999151384
94.9520623657642,9.571455552016172,64.0476042175844,37.14672626243768,31.259802490830012,12.83499266146948,70.68035962105051,16.859904843403683,40.702149368462955
14.707348092903793,2.3638586046336396,97.89811151748088,19.516651721865042,41.06826330102828,65.01871664456533,92.00381641090526,58.07968298534757,48.230404247776626
92.65876251614944,64.1971500443266,60.34930960433786,48.93925374065887,20.969027743020085,98.24825806012478,27.06836043017311,71.43875620372924,57.22898633692037
49.21162930795382,60.70940360887808,35.78140841135489,74.16414518360422,97.65610233229043,91.1818569539447,37.04914370595142,91.66431026939162,67.55123039112048
25.824438829895836,54.669741271407005,64.78174459905284,49.25690707532976,64.56025770584117,43.91306608048505,56.892140584471626,70.54966519346239,53.71744852780391
45.913575623826134,23.194709611597542,12.292067846538757,48.31808633136685,93.45438807155155,3.994797328609434,88.17089696385847,67.1779270254866,46.35663760028809
98.0032575285477,39.09059959055147,88.86590802653987,83.82304210818006,30.338554362913317,36.229349000020484,94.19055872604201,39.43411463506643,63.36889440186772
49.26180939928696,59.4476335186173,50.30839507798363,36.14037790671863,78.18909129968897,82.63903116005552,73.9563248111268,0.12844255268014138,54.11947797677664
32.875161028750824,49.67668588591694,44.93497420396421,85.97946748116456,76.5858643884742,70.1499101465166,8.661976085469403,12.015925873562194,45.98025933890868
63.34008543167258,98.77855202148874,58.58647884535192,40.680480095172356,69.16556518665415,45.93436555939564,66.91541555348508,53.455454475603915,59.15452455809949
24.014561877819308,13.643975255673313,62.47838627894025,32.82331056783394,96.56389752668004,5.510153515883109,41.03037218726621,67.51298858444197,46.55835458969089
7.586332810866391,69.51445540475937,7.177580622651303,45.3989911199699,39.355533610631554,42.68947278233026,47.07009994910616,41.74482838964625,36.30061642682461
12.887972191064922,40.431876810429216,68.26172212234025,76.24469586748684,13.07173235897573,46.90249397178835,4.914839034517704,73.06790115283903,41.779383982306484
12.804583895777244,42.819961492561475,24.193168031552958,12.600202786399429,67.17088592440608,92.85555328941359,19.106213934635818,52.186229533217876,42.488779331036184
15.190269351229436,71.75977656581762,71.39526325065899,19.64192158720174,72.93098004772062,64.10861035821594,79.05136075336478,7.4176195594312215,57.245085559346016
13.882717264941014,69.24361513243696,82.25347943841967,95.1444825663092,57.506057345881466,31.16529166546489,45.395883304785976,19.201625096794885,49.23517107710153
64.08747448032146,99.12559937021884,80.39585075525203,17.54916273813574,20.681789313339628,52.53182644507214,30.166224163114887,83.99982232439429,56.96687312618414
18.188008439914483,12.839428945412523,55.25009674078891,56.77273179310546,50.445594166935535,6.605530782216007,38.401907396495815,72.49127466244396,37.45921704532587
34.56672833238632,10.410964938416633,52.016989231075115,57.931446666193786,31.21897365691294,97.25682356497369,85.43995133256801,89.4761987012495,56.21217894381858
89.67884099060119,72.43388171287411,14.287596133941172,48.96244620502448,42.746652816668906,36.0059901930726,74.8999017404957,11.755724912093656,47.4059552960829
47.39616402628724,57.83869170064091,77.53461504031355,64.47452485768186,64.52185758446639,47.78673549131358,27.231539718108277,99.02225346150739,58.47448779943872
66.75577385210272,27.416066655980586,27.140938044671437,22.982672579761843,74.52147426908346,35.52839742369226,11.750184021237331,20.94067139499336,35.79693955662105
17.231987120162984,7.9419368988986605,49.669542281794655,55.266226777674824,23.22246909013431,68.25117301162001,25.19982216440717,1.177987628664201,28.04613774757313
19.228901880867078,8.565824959643054,28.42740929275167,37.21732552468971,40.532536064695336,66.2232158329593,92.07564510547337,99.74229390535541,50.895259203828104
4.086861626647886,89.41908746641182,13.382836299969314,66.1667259629189,26.91615709916292,71.53223105291356,58.15888378497554,28.107388544511313,44.83127735175566
16.893506307216455,19.18673247187429,62.95576968917366,14.122354337314945,19.86316138618691,26.814322961192083,53.34802087447829,66.80194525125599,35.84309660563946
27.85903390319586,32.33715621155208,5.4332034822903825,57.08774168394763,78.33872199958384,31.566848116406597,59.63935996924615,17.66823141763052,37.80890987408919
17.70104842767468,22.6656402226988,74.86452341262,18.52703553833237,90.92526944369924,12.525123109620795,36.60282657465152,58.022853219914175,40.74488212522795
8.87025337570556,35.49963058319373,31.758679526111667,27.86430631150364,37.02321856845767,65.55099718461126,80.71070203195127,90.40349864545593,47.78528858870849
12.06358711006008,6.942384274609337,0.013469300448532007,21.87098003235832,75.12789243737669,3.979712733565255,52.32862493002498,32.01811674284386,23.214994680349232
46.077876803272574,51.90597909082704,51.11291392372298,18.28377798688171,89.69952893644111,59.768233552345905,11.674790276879554,67.02539760443592,48.727581403024175
20.63337184057925,6.76125635922149,4.6851908527603126,82.5710951560667,84.61242105302316,86.96958848516338,12.906512482906296,18.79035887984165,38.02199736093838
36.42698610480755,80.03565078223616,27.616955782089946,28.570756766089033,18.28133885392259,89.08321482896335,53.685914650261836,62.479539871872525,47.74140708384835
50.34172708548569,23.3712081910433,70.69764874557161,92.71237818644494,95.62918815133614,44.90377603699617,93.65702180708392,33.64503518175101,58.90007144196281
69.03948286293652,54.00119146045106,6.268962162186586,96.99265253451908,37.66764404294625,45.930368821307376,30.835212167619876,21.12082585879517,47.91069566780524
3.9312139841098936,88.00790875614582,83.93384923560023,57.126046993709735,33.92406611738363,7.696918300801736,86.95411688592183,31.318205070363515,47.738463161697005
79.94103989090426,65.08773690471942,0.3819922658583108,14.30011226657264,6.2431327277780335,67.07650254430358,76.40955865788793,17.884106850779936,43.24227487392761
62.79003894909078,53.29577865513353,24.682386920190226,37.45482433795813,48.6173654104883,82.12594203728455,24.781244290690687,90.19161078378828,55.12998356586664
8.17590319488719,32.43337531153756,74.09040561520715,79.7732263348214,10.90136156409287,24.465505460471306,3.6340748316242455,39.71868863171289,31.577068205011333
87.35786241067773,33.300191305819794,31.627014972930677,36.739072869707044,24.853982092742598,42.13008816333647,10.184726514238275,24.527930497436735,34.163286132015465
92.08724005318132,66.94869551981901,10.189238806601352,8.701721830278874,31.694262176728138,83.88393367652704,72.84939338474402,44.840784101593286,56.5204146123955
6.107795985486375,99.41393612211675,36.02339188004279,55.678491092818795,80.8826323491684,87.7120467662288,19.96697380406467,32.053616680649554,55.731712468926304
27.687764814720374,66.18391898493786,27.039328638452552,84.51208514960348,87.54886503958966,24.317998026422593,37.12709205053938,74.4419253813326,53.544335234043594
80.62012797930613,55.77834173700249,84.27119021605549,79.59263871435024,30.246631746146967,55.057063454136426,50.16991660064248,97.12199118854944,67.1219839173584
74.82596903836584,73.06505102392461,31.334791758514314,17.512314013035322,85.86981212445738,19.249315063582706,72.54681684501628,43.80336566976468,51.014236636188265
18.45210193563773,46.52056122837182,78.89324717760073,67.27646144124667,85.72309373697911,10.187876413955655,11.323122325912538,86.10333999722404,51.42468096051673
20.93493233367103,6.0142342600785215,89.18721448107347,22.05042634356471,76.46509503848735,91.11205013919576,40.636640527746145,56.58630735596195,48.93899875852741
37.0472102791382,56.22968158779098,43.381741957652956,21.820753455217222,14.669511401518154,82.05075042321091,48.50729091426954,15.723566509423348,35.864105787430894
48.45229851910213,95.76252845053801,90.9943143854392,87.40717733051852,69.0322846900729,76.00349018031739,54.08270639715397,69.06227420813416,71.20652269713743
61.825477153029595,17.530294235765965,37.73180539631929,24.966895274023017,94.50240645805688,4.876631881314042,81.83606413952167,51.343449712582014,46.86881352702774
36.891363956977244,69.00048908206658,96.40784164901082,26.32473465180112,68.2540478767157,84.37287927102575,17.16781950432169,65.06065232521034,55.67284406863598
46.25347161331479,20.093368865905646,8.928952452557294,0.06533907612995549,33.16168491078339,43.804407590538375,80.78314518266222,88.9687412571665,40.12283393880521
74.74709381337566,53.582768447308126,68.70192665032427,87.06690341255177,50.05793174308313,34.23951232958596,69.28784276966522,44.043457065604606,58.066607450071615
3.66832028905979,9.667644964671961,49.38140404569287,79.25948132091347,64.57250433510536,54.647636102537646,55.58708141989593,90.11776232173557,49.29802150494759
25.243694434402077,45.037093625818514,38.76488054556471,62.7328935090678,51.05704087285036,9.135324272355582,69.95278704025719,75.0669014281655,48.83015757888659
71.33495858845524,75.61633288952461,63.27118787486009,75.02657639388423,11.995294173096982,75.66465493523988,41.20177389516564,48.860492587798475,58.366370012533345
89.52068376871993,34.757152423898205,70.38570916343312,15.20485674244918,31.206404465202063,58.24350768882959,13.839758596812457,60.32221356579637,46.66570695926592
51.167744211566614,66.4911724487218,0.43632696503090873,45.832359458757544,80.23960305536325,18.659009687316754,66.57652402653673,32.55811325190115,47.003034584290646
53.211348526531566,79.54499607897291,16.69530887471987,35.121938734878086,86.14180460955174,18.82321997690456,52.46723066856222,98.35972997387742,56.00691436719448
10.717201133977605,92.71778194794527,71.30460506343186,9.37765262570165,13.730003271557024,18.424865157267423,63.93748005427755,66.7351163050396,46.26121477740248
44.741236682345466,23.464208185545353,66.63854135782064,48.61304852149241,95.23867523987246,5.700238755193398,33.799878102849,4.38468524966299,39.402845487217434
53.261726645502314,39.931591580930814,96.60475051286772,92.07396503426354,32.88226178486093,58.77984493716848,90.6866577339836,32.662190574800874,61.25110364349227
24.247050363472965,15.241601333041743,76.1037790250783,4.005911905069448,66.231373873072,84.0348177588508,58.736986857557696,62.33144337590575,46.264402028723396
26.924323094938096,99.24835021583752,95.0772707731338,29.14609134937939,75.18251459566811,1.74982139873886,8.540248429087383,5.63332777992398,41.82978201984356
37.728416310462265,92.70009679242953,70.25405015348069,20.754093620570345,81.19462346378835,4.900464497127355,44.980399070442864,2.3884191319142767,46.29211016863185
2.007119777772637,53.99571302805596,29.805220863944314,23.81466536656963,94.57497022259301,57.27702766869458,75.63560547436343,45.002423952780255,50.364068038871
32.20791655831783,84.20332943764213,10.536492225085647,90.84345518793752,31.29195480288226,81.94956853860523,79.41345617322723,33.269017969267,57.38500919779394
21.144800699654464,52.09579772720422,78.18238633449356,46.806905423429015,85.85064545515544,32.67388905686336,49.45970527637588,43.82986080331659,47.66711511396269
32.74973521779147,62.35856880027597,64.4149221475916,46.62994129398188,13.168690343620703,34.96143988077222,89.4747570831301,26.269330988000515,48.41971364471702
11.976213181925122,8.912443211601662,4.818601239329623,76.05756424552823,70.50409063535928,59.63464974967759,26.766843719429755,16.47177469429809,30.715735338099524
89.0527280739895,75.52704204968079,36.005046590097834,15.44922040049258,74.19777295139859,27.4212889124147,41.05986972382666,68.91433569803377,55.249647698236494
59.359245355404866,12.771348363523483,95.67998154842861,48.72653541000508,67.77232412013204,2.660836607768413,89.859691056897,51.45711162678005,52.80031520797534
67.91023191444896,82.60676302525283,50.04011457102012,42.99852141210597,25.2314736135153,73.52285181015961,89.62567164715789,20.015421124936683,57.89894776769238
78.91712386073382,78.20280876703859,43.272913601970465,59.69106905466561,87.30431470152034,62.56499129414531,68.57127688246808,31.958942625999832,61.14553340277863
49.84421989290573,70.87446977429764,45.7699605159294,99.95577032504386,16.8858463370395,58.07559990556591,85.89805471222202,59.18079076633259,63.15292429407938
8.69202880874237,3.6160380524762115,20.88827240051637,76.9448894082047,5.363479152083084,74.16841289918231,8.877326695623267,7.2229348272477845,22.791723288299735
53.71065418185478,30.31283559453286,36.87071708647952,39.78657030174272,71.74649906119122,67.52308375620375,86.49949762077763,14.745300926617954,48.8124849944687
58.68411180208791,26.311256991084285,36.98132559871766,82.75530522740469,47.54757152327337,20.588198817832115,32.061990655022676,7.324560410739012,37.03560087273215
74.54394741843299,36.01364074715191,5.2355020187472405,17.070836331248017,84.90980199586761,35.24810469433511,17.833151242821632,81.23173327141188,40.50227000935705
43.16595462296794,8.764274676383854,76.75676285179182,3.0463686308960125,38.3397141058259,12.6110141678625,23.936983634204633,75.24092332120092,35.42180463656863
12.758030279556376,93.69578230310628,41.6504431903879,20.444837246427305,16.827858850771282,12.985701341788102,41.79685080138871,75.33129318792571,43.04852788584289
28.377590579872447,55.38022407123763,82.21798868164232,34.041155611425964,83.64421924698698,67.61957463565392,25.119200460446724,71.6325343476028,61.33787139899861
36.30822963986351,30.552431065802356,85.03480011198954,51.05807574595599,54.89096316400717,85.86001069824982,32.0567586016499,66.93854236698692,55.53178799848565
64.59172413316013,39.698151707428345,21.199405469865805,61.51291405411998,18.91957923903549,96.27325838611391,13.497848607164208,47.6991915378175,47.657371691973225
57.077830466891186,44.72025405048357,65.73534821701286,91.06057172144217,72.03839985864458,62.834711754944436,29.617676555899852,64.22781635071149,61.37826539786084
35.60967258978462,60.05943333606173,47.22818041629817,50.98540095504577,51.111363848950056,18.410132336095696,57.22838145420012,3.836155478797465,41.55635644144063
98.65152487929797,51.567942769649775,88.0156737921485,50.127564462572934,60.431298224031984,10.56503454489307,44.185370809106395,62.14644226567846,57.52705916616791
60.577481935688716,91.93919732144174,21.57406791764541,5.024300982298213,46.089833820658185,81.28509715367578,34.67187612359112,77.78777055368772,52.75885707693106
23.72267917359945,49.696348290583025,67.78132003100443,3.491155265622381,82.87089838180064,57.875647635999925,74.6452128857114,50.035836038439015,52.339844622057896
10.178247262040374,99.21580148233127,60.775212225272256,55.11599619163721,82.95627156830498,61.82850210137198,89.3509971393318,35.75133284272369,60.739625643874035
15.285913918433202,85.14249577450957,29.53014775718328,43.81786132483445,70.93888218243862,78.14620887547092,75.6789222902397,27.742673480097913,53.130399600614986
24.595772838450813,20.85105143573358,13.660090365117261,83.91803949802986,10.540137739646227,70.32772277324516,33.200070211767915,64.28020501620824,40.05477599677991
16.06813732595557,93.05952146439162,65.16397604772766,16.067958471184518,83.88538619040689,83.44582528560966,74.44421678375537,69.28011986299087,64.32969931366382
18.656702405130577,11.636639788547608,73.85974581323308,2.49716621170496,67.10129805329098,5.621390545987848,15.19801824740512,87.09675998625426,33.07640078818894
28.50951686938471,81.74497084911916,31.562734376335,44.903876793012586,69.70241660042996,74.75206367465049,13.031798809129091,34.233408246099074,47.202013860054706
17.33735952947548,38.06232934765801,64.48326040223138,23.74785567522575,36.298284040387166,85.08527573220954,34.562703703615895,76.97723073855856,50.89329833427561
89.67654246264252,87.79743204450695,39.51309076115032,4.961437333883745,87.92795561570067,28.613504245831432,80.7702369044057,56.135582418933794,61.75259302855376
8.023374566164222,86.80566901074504,71.32068832826177,72.4598286847629,72.53716002348575,64.04472739932528,24.634824724230185,88.28364906780791,63.712098323375294
52.451138957025464,80.59254001176211,19.92152748940531,11.159299995724748,11.259046652919446,31.416206383697208,6.325340889867959,52.78121082956208,33.28715258160161
41.03968269896615,79.00304363070614,89.02150026361744,60.83195000077717,40.77780344061627,95.7971066482454,13.170953520635509,51.76298283979672,59.56762300779215
98.23786169086064,30.46791390980408,28.74095964655797,28.104975016688915,88.63803619601417,3.3423572435503757,85.87449685295802,57.787708144090914,54.653760920971486
11.203890216805235,8.091928305125219,36.77859877561529,17.3496050355022,4.719670169737899,57.97928438329551,63.37832847472876,74.93153551424344,37.424616168443556
39.785559904574164,40.29801787651615,5.8091952080349785,37.97515229193175,96.14166196420496,16.65035470495151,25.320116336997668,96.4690478828461,40.90293244549139
96.94704332753689,17.35245149865087,11.15122123212764,80.14457762229537,67.91625683195628,71.22202051771586,55.52958253281813,7.356335421576565,48.32155350898501
86.55071258939803,69.49510889024617,51.58619027123281,39.20935769045727,63.13759776433766,17.589028341866207,52.75796224253504,5.3434602391017165,50.82756545645215
81.707207094928,34.609972653778556,26.75926767279715,75.07696492110557,27.05592564879914,23.538326189835757,65.54359784406613,93.75503374073385,52.952008259217905
25.790282704493983,97.56102008599149,83.54802257421944,12.548629679915068,24.879178873917706,49.43708110457581,23.31875544216163,52.98756255182061,44.91537504862081
17.088758739006582,64.0972077345332,1.4693388654953843,77.27714196650791,94.20582194885955,91.4834949996878,86.44029871943977,61.49030145669361,59.18572357978676
66.8643219924431,82.24805636343609,37.90940486719362,23.693332490664865,29.827245423412275,21.171437214797084,30.936856208001284,48.24236015947289,41.50159343683943
92.93759891275857,13.252467274184843,33.73455467690927,67.73931298888728,77.55052967189994,14.424002111810353,69.41316539762369,9.365745260747449,44.49743347000503
55.67628930139298,86.20144822726226,1.9327630917601035,56.57815548409963,39.31217982070792,75.89768318540307,1.612464637221489,76.80893784186665,53.43467874417921
57.161268946989985,92.27571905133944,12.436839900051023,92.91447172116874,13.925407078470398,50.0619532333931,37.26571298941472,74.72246450885869,53.80060757474961
27.997909366028416,48.70619188189359,41.36426749186353,38.732251797531404,1.071529769535895,91.17851123817714,35.17098179588083,31.1703321492812,39.308095852748565
76.94929331919369,60.625293775097745,49.28645844474466,6.616518883444044,54.42573370152508,14.661455715984228,54.348442858301446,30.623924522840042,44.61829350297702
18.704374855752338,76.48098009029954,40.42897472548691,1.9155485551252904,97.57788185489326,64.59278930230393,7.27362617771965,83.78413809055185,50.769479545049734
32.367923640424365,17.483862726041256,53.093767841209385,82.6858560972753,36.91361938092045,23.287914615181503,79.01313737261083,7.235725774132662,43.40200224408375
42.54364386164168,50.25660764634424,59.51316749056815,52.473563766143215,35.719233399304485,15.67604286516393,21.778080176756852,88.11051483565659,47.90610064301254
50.7610378684455,39.86630277723131,0.992382112783563,77.52440518349492,34.40916178494421,68.34294151572705,67.70378148820102,25.66616898959144,44.39658161347066
24.240973241508023,14.63739921622491,46.409515945350385,23.44256000115147,52.054383730485846,59.36846199087332,80.32121232440932,59.298474775549394,44.37588904328036
11.483682473920354,36.753442229153144,96.34992408875883,34.50837455132337,44.06648834242935,75.48274583623312,56.18769562415131,93.59941790017777,57.592034691652955
61.06200424416326,6.817230938549357,51.90322801295487,3.010387221131894,87.99146267270145,30.946257644618235,74.08832067219855,67.81225015366465,46.89911457171854
28.863055324025577,2.5811906949486985,67.75422674589532,96.14923245741122,50.55207917234903,44.79716563821899,66.18603122150056,41.44298124670366,49.780532048577186
58.123822142261226,13.516628915482276,31.18638579168832,66.78679067008134,50.77578381885688,40.547167633041845,35.55297971520076,68.95342089054152,46.4778999759939
15.436271527420232,96.31151115891738,77.39913781527625,93.32050877593062,13.83715947205566,98.40894639665142,80.88585390335653,34.39796363163702,65.32003924977639
48.114010185481746,54.952953589501696,77.2921481876115,26.549640742907233,98.27395409103859,29.22489567393879,29.4701369885528,27.725841634918613,45.395085712003464
53.258943255158584,96.582216115322,52.129604765413895,61.146361122566084,24.99728908688297,29.481723834676686,57.12129177515172,99.66832779346797,60.72771101835788
5.182353682242691,43.2497878330132,97.60138232792136,67.84999682926379,7.336406745960266,35.45482088286074,74.53977391415395,75.07902311797878,50.31924505097089
33.660427819392055,31.181613308525957,12.555021476265338,31.754970025758844,66.31462489752089,56.45940812903215,37.89559098125076,64.47199773818177,43.201622218719734
13.441467693897424,50.61418628402441,1.6947664889580993,84.81092350156301,59.53663701568727,25.232274426374524,30.276760761742505,35.52896432193188,39.19586094648204
6.337497047276774,43.95116886329101,77.0158211757096,94.71614629002478,41.514565399274574,91.52899403792739,45.934601017282276,4.916082915504816,53.955189715524725
98.99602323899452,10.566468426174392,80.71555373648826,88.48551176960044,42.2192233880678,26.56855648662635,81.79634943491536,3.105687603515561,56.76357905579024
32.235384497472296,64.08263146902063,12.020722912057625,73.90669759393725,78.50639210464311,89.58157315601947,92.99217631456648,55.418125544879885,65.0361062742952
80.98744458546349,21.60381825095996,26.55828329586061,27.746467972495402,19.571264009964906,10.347506364658464,54.50834128598901,76.2032721039051,42.57814037199459
25.464065476376383,61.95879548978296,1.755236336662891,28.161604210563173,82.02533189448897,65.65627023996524,66.14662053236519,53.73791904438551,48.69598837270568
68.15027222239293,65.02010923981534,29.33086107805647,96.3360320446038,64.87471138950181,90.69855184382438,90.32736222389141,84.07850719391146,73.66642107857338
76.02278598896865,15.20248531286481,77.31418739186715,1.0284495935692028,41.89697737795244,16.874943839822954,9.85468514129424,3.3426533093221633,31.93778016081437
59.56387406078443,6.134962711066816,51.79605277125789,71.60499732421445,45.80286165838686,96.8326960099255,23.207857786616504,36.67520764259401,50.41647564847185
47.15761885501584,78.07615860684398,34.80955931682881,70.62461625552622,25.66472071860958,45.28833604155117,70.89000062515825,23.707039117417807,48.90912371864245
41.18409141472685,45.98004237693202,37.17392949063303,62.26895409497975,75.21143326969748,94.57151084410245,82.37444619122996,44.7272968157122,61.24610987986824
34.88682665429953,5.816379550547579,0.1353625715468154,99.01088460868658,51.287474230526776,67.6820043630047,85.70290283305779,7.2376393194122475,43.89974133281607
92.95291442478259,99.48663171697672,29.98005275652359,31.187943576372522,32.08545427498436,30.158686987355154,41.51071768549326,95.41316415710726,54.88907988052932
83.06194077877291,5.778056099636664,64.64587416379305,33.997186379324816,59.60501157609502,18.83025249171064,8.933990229186684,22.325540106936092,39.72815296093469
96.50269106665125,69.50352288585532,97.41944438163571,7.893940294655555,99.5734452051323,30.37350462250994,43.778147729961994,92.23077754835847,67.26983270190524
12.429722348554472,98.36789252634136,84.70608269838995,44.27981365437375,43.52622796565539,9.301740926267499,23.07345902070538,42.58931550366818,48.881698345892204
73.08674752036443,23.918010421592562,2.3594964645529126,26.10485262348481,92.06914007786196,14.386796634332978,29.11964549966242,98.5524133255218,41.698653280522066
93.83404568210378,14.224936868719617,89.85606046748393,34.338670217764424,34.50168399245661,10.466044034648114,77.22675568375058,55.40583834602108,50.118196865931786
18.123306616566015,12.138493942242889,78.3198413298626,83.45717902556277,5.4732706924985886,42.29435437415577,7.552708602588687,93.08328641758075,42.62058279851401
6.6496267366777495,30.327514756759555,78.03761235709804,93.54845135274957,20.424210636842886,79.55783762575864,82.75812174807021,0.5348988694222845,51.25454645568019
74.11206492900591,10.10458110106467,45.79957590035715,18.573307200518563,41.86951433276842,14.138355421634019,42.76690858241691,74.82388061809002,41.07246225593632
57.44731131799119,69.2161341694132,39.80052929545028,37.25089315534659,21.963492859456903,13.032043317233589,59.60639311005951,90.30506531025154,49.19867832526185
84.1828776758272,6.229179813006269,30.29157288331926,92.8630562115394,0.02270382182555375,64.34289495173307,8.9652231235679,13.972056697895407,35.35416806223097
13.97723766262895,50.94221281497897,6.569485895436578,6.180846068922263,91.50015377475272,19.71829819680663,33.735907835727964,9.612585173215148,26.715708133349708
79.52673118598902,99.66968538529768,22.82353634936991,9.236052811137851,84.3879411230929,9.76100381089916,8.970091901484578,42.457260718595556,45.24904723131314
20.162732004774455,81.39702695060188,24.66036349780246,16.279098920622936,74.22922314869471,16.684857820557763,96.15437228811096,93.36789061329351,50.13873366792062
16.36559428657045,61.52194382310109,48.40770697102016,59.521283412687474,16.781459564602862,92.37313958767761,80.72616493262504,54.23865601904387,52.67823807408741
16.426579793099293,30.625362078661166,74.7444406596694,15.047227100599747,12.036357620998606,82.14712527761908,45.963275435646025,52.74564637217322,42.21883645048003
81.45747202313821,62.389583629163845,47.38098283979466,96.80763814507335,6.760474947238315,35.40645623550941,22.36025483236711,14.112611829932186,43.869785765723584
66.51972206962002,52.70414639116516,5.784444944716061,44.671452725852035,72.40291887729212,65.58207673273928,93.34551052498522,0.07895110932187865,53.34686484668509
52.30654247691193,42.60833838903715,95.77898009882038,50.15179603501664,92.88079606878853,53.72756736680381,34.45965957269718,81.01400907454612,65.3138338238035
35.88304841235025,13.071037674019948,94.27243190941122,24.66586158054065,43.053582091303696,67.7124263482564,16.098443168737475,8.757456298623822,34.79644593872883
87.72005408131082,88.66042152404667,78.51895431484084,47.09602524347335,11.914067199604816,68.26711524627594,56.31643884539549,63.384981873532396,60.87001480469607
39.244510742263536,44.97846488213225,99.13279015642206,66.19136326370115,51.23928207321066,62.8734015059993,94.37741203448161,91.46164545151915,64.11580427472632
81.65994394715771,19.462251182076507,54.448233280026294,75.11771369540428,34.88319074586301,26.610136853730857,0.3830290500322575,20.865191315843102,37.61352853367049
43.91349085702184,36.77593508772896,96.27683502532061,75.3868082709913,37.48249243499977,3.900642076281813,23.812484325399875,66.52728362369108,49.5422734158242
37.69444294249076,41.4129752528927,7.560504061675077,57.789111269408835,62.13306241557073,45.55667819901088,93.84476404104076,7.869857670750946,43.40488459705537
46.26797856696064,82.75378955668742,36.568074826137135,90.43597749938573,71.87181132622024,89.09738846907038,17.108596685716204,60.3755143837613,62.73148590147431
30.13778741641421,73.3614380561402,22.538126800676583,81.74078473061094,11.060359887316086,56.94972585185759,11.324345163981986,16.393172095320274,34.89354886372625
74.76093801762511,76.93048936413398,19.583308413427,75.70481146986255,3.5590230806476386,83.23910417019079,57.01872157998045,73.5953560515178,59.64491952758698
50.27203900924791,1.1031264428647214,14.08029488926761,5.560552168046062,99.43303026857149,99.16243429612281,86.18438232948299,30.12312947939082,47.12965515451759
23.22126951468173,41.615399817976154,62.241364156599666,0.6877962219649314,23.272834891555185,16.361620413827627,47.71098176939261,46.33910088046462,32.70563532287363
89.95745732745685,48.13441516353236,78.1321855747305,21.244727719547296,5.383052490845907,69.17776391419824,99.45642566845248,59.94305420276217,58.742886254904626
38.38912213732114,1.9192276823056686,57.82983994203607,66.35235939134523,18.987532909591998,67.42935737000246,67.91716995379929,17.12734106662396,39.450896764843655
54.35528611139886,25.98132087450342,14.696270958820968,41.119748888254584,3.895784634846422,97.99554473582785,7.407490721044773,74.16378186176209,37.6457349348278
90.6472110964547,76.0289823122135,81.11237699334708,40.24062592993117,39.181089461717164,98.56007339528003,99.28321316819753,30.264034063681457,71.3502897406097
62.42379959139921,13.710970572899905,63.59547071637285,88.45868882296138,80.24017844513243,68.66786117241294,40.78942367801904,66.23718599127535,61.31343168881252
11.689804070836407,53.531013145259166,38.81657061269955,89.55628481318388,34.124444975772064,24.361479198219428,28.740253384548254,15.828305069937365,39.18111749191387
93.98321236134751,21.52018720172375,67.4130295536063,90.91752640535857,44.418340687836654,79.85558381305991,55.787918357788556,68.81176592063503,65.98776200867458
62.770805307141785,1.2120774643893273,25.990497924283286,31.38780765150273,67.55867735674389,10.70291342110381,30.43075918208643,12.818807281046174,30.645024468155608
33.49056146570861,24.12014575995415,34.51922084942105,69.10558127392618,50.889407006988016,78.06993041716287,8.645750712015232,42.535649626998364,39.22000965168827
13.927207266338726,97.58737549100537,91.74858431319902,27.163318127436963,86.14456860213242,91.01961241446965,0.14283430791767193,24.72060737388768,53.5160300935261
79.4025189270296,80.15371118829896,29.05045056714204,19.060983307444978,86.60356750457565,38.28333947684352,44.95833529202623,74.83752494281826,56.48903525996492
62.00727559285135,95.95766443210334,46.99882681579366,18.463245734736923,0.9910695491153643,63.06352949830804,83.68634222265922,26.203500450687457,53.57764618357706
53.34610919763215,48.785404392636245,89.01411373960147,34.2107620863594,77.80463064831991,43.01427320968263,57.231518563007654,88.17173063953962,62.82123107379475
89.38925830509577,10.973619867750351,70.77213502675275,42.99576197798217,46.073360024167386,43.776505498812845,99.92072989434408,89.18202114066128,64.70754633036488
78.85972112245308,54.79594889736929,6.220322616470275,83.09491710550684,98.88405413036631,31.037088910812006,28.68466456472,19.644131522278585,51.3476815205365
15.167487973275119,45.43773345599609,14.730304427897034,11.98910934727121,48.323207587543514,76.21296204503246,28.04550647600553,61.38459450077243,36.23875677282522
31.172206779554823,84.4357082739616,0.7841590771916818,73.49258473948942,98.68959453882975,93.61765641665052,15.97494602339442,8.771764171996432,51.10157593493328
24.848913981446575,9.808258078424458,63.09217902291634,53.14549141893053,75.45693612057366,94.07508592344611,16.40635882653352,39.15370996016292,47.470813959082726
74.3946292572677,48.82411370217782,44.767342541041835,28.794534267599246,24.860488461330633,17.478128487493382,28.51865960100478,71.33217295012723,40.49294751896397
3.353243473577938,15.004866469398426,13.427485090227552,49.281958453282456,53.83949792869577,87.4743649656566,79.28400452735272,65.94232468499163,45.182193445962035
56.98896848713165,32.467592689006,95.79341210567705,29.994206977702266,99.21356394785828,73.74314414271221,90.57567906364478,62.47006694066079,67.24429530694478
76.24586857406905,73.73570773877996,52.96597239456199,59.608195523830595,85.75306077519237,25.283740069028926,97.50871697076813,28.25408636624436,65.63065821668965
87.67656367617495,47.601812936876655,24.189329411288917,43.38439228552442,9.73668937912211,6.728461292151455,23.228965409645262,37.8024949434402,30.88210761599604
34.20817487159075,37.58882851457693,50.06035711547076,16.440552907887874,70.6371996809996,26.799726688437797,88.12975456140917,10.294614470028618,44.18153794273227
82.12573046720128,39.44762785700353,67.96203327351078,11.658307455569672,34.5579585870813,91.22082367815256,32.82550892773371,71.9022820433601,52.08894356628286
11.063173695520723,45.94467684059866,7.623921797356448,54.66956820721302,0.6982261880348117,63.31786748957723,11.28405445168844,50.38887967912735,27.879637669100354
84.64522917345182,78.50165438370568,27.4703815047892,90.24130332861034,40.34809690269996,72.10546608978719,87.00249255201656,70.87656323456545,71.2587826562802
12.748866233198243,89.20846889402344,80.69654908839937,34.395768655768556,23.47544217249713,25.715235110909585,63.61056346436186,24.894352479687278,45.806951900824444
39.72872905603673,95.53346865039283,45.966487040266124,73.30001072226231,81.88692705204716,71.93881555748203,16.47308960810617,32.443822863506625,59.66795622352488
79.72953657795536,78.6903386255295,54.65771420322949,65.8661354939767,33.733060884576545,2.812150627792376,42.98312575130026,33.42153372601147,50.58810338138762
14.991742734877377,31.540689574801274,43.28160022094693,93.1554914309481,82.7523693953817,37.53213457730138,28.725769487706764,2.57424097472162,45.93894480306045
22.92513952326415,68.81347060865421,4.389994264300512,82.09810172991409,0.05979388347953085,62.67533485423312,73.6794568710197,34.10478728306236,44.71070755112993
72.22525683930662,43.760312405539196,16.574977982015593,56.660525890546296,30.781915002611914,14.609656554132023,45.341623062426805,80.33045735180335,44.72263588380141
72.00365365460743,25.467062204605117,44.554163874189086,65.70304982341074,24.116521430776196,82.30035744469347,98.9279945106385,89.72984957497385,63.53618431937949
64.11476328852973,84.08715794259226,20.918546540792782,89.83864665840349,23.3567361068611,23.503129881191864,5.474498225959512,51.821831563592745,47.87635203268236
69.39484444671,3.8426348962324997,4.997902865967873,39.95187845869348,6.81866197654627,65.22811128184462,35.50152661362467,45.55016952192202,32.351965607172446
54.27244433475962,90.17619921354235,84.36496640518237,32.679470585777736,18.712427041050173,40.51971425753297,48.19001671099774,3.0824618699370254,45.195935387284734
25.179905890695274,46.147746462473414,98.11925291641158,1.081108363519634,55.55495698856199,59.604359547764716,50.31335547483198,87.92043375853827,52.372219896153794
34.56959935039195,63.72014768082804,79.31428739967394,82.65510741914642,29.13610728377445,10.745055262890812,31.593582238563677,1.3010213425872719,37.4201978997014
18.159771680142565,65.93539222057827,85.3784921704667,80.0980700403365,41.73947823291479,1.6912799921607324,72.9240249097568,94.47500802102118,57.826346475257274
90.84505613336283,89.51177407065364,24.197713031704538,10.445451810015138,37.68668803471885,90.95644273803012,87.47470734889747,48.92162486880907,56.23267484662191
58.339179476612046,63.66696821672073,96.06269755131997,57.68573811327003,87.59049249998945,26.96300087671828,93.8719301977863,34.19344935747266,64.90280066210143
40.08514167636399,61.39335847600618,19.692570445342838,46.398169816688736,90.52989990105155,81.96770027804591,80.50933767995262,92.421843484266,65.85533223198523
46.20058036441327,6.665204056068996,95.14298103618323,11.870909550911147,49.295697165586006,99.93503004722002,85.05801973065994,2.4390993110096737,48.622187236468854
94.72833396118153,51.84080219452041,99.4819293965951,98.05682270607235,33.01559503156044,21.143125799891116,55.05453006199955,58.14248948690871,67.28718532021489
15.33514031160802,15.016900081704165,71.17228057460487,21.469588746335543,10.680070400236364,26.51707411833556,82.58882264268146,54.89325244993376,34.28813936684299
58.62298320167972,73.74337687214856,98.1143731791822,6.723418009056115,95.3402879382095,66.28597876346657,30.350390914795224,21.932040121138208,58.771627488223174
50.5888678884466,51.22219208126745,56.95397795671037,59.48473795019096,6.022694490029745,96.54486346006212,39.84787621092144,42.88874313502106,51.794518259395055
61.14542354346478,68.02277792083532,25.954178317609035,73.88666771330327,29.765027756828044,91.58143481907439,31.69130138185443,65.22640059437703,52.47708500929691
1.8110183820840509,4.167290060238427,43.699588566562085,3.2443446047186963,29.806620117000413,50.28755200655849,46.738733544792545,72.71311968819275,36.9801219693495
87.21239089441515,8.479201604580322,59.35609353787859,65.87176387270222,32.04012861402149,79.51102825267246,28.557961623863637,0.07168587065797816,45.01004121284105
93.21182824836124,71.63233880626822,7.308156202701499,53.22918759514545,16.428684327240926,13.574585309990105,96.16114422544469,93.68534300910153,53.898940421220445
56.51331835892089,7.208433599867337,62.234326461724606,10.326500887504842,78.31614309236971,97.74381842040123,31.284462800566814,16.45253723928124,42.19576821801155
69.66508238768922,7.12567277652586,98.11778367622945,17.252387694636205,12.249786196598922,96.43532340359864,9.804453811093982,23.35804342223592,41.311030615756685
92.24993811772957,1.210847523488745,19.010764978372762,56.79742973160805,63.49066591531628,16.372895787917095,52.68171660504134,26.347344569384823,40.76538665882741
70.72386343133986,95.65013982994802,79.25951162883833,29.63576135132884,12.384602670581746,29.94231248031066,5.7099078445176366,3.782013655203531,41.0913051685879
15.253904291426135,73.75083594590069,90.78987937796194,93.8315728651316,7.053563759295656,10.015499750676693,11.054316630858052,12.305212359032492,38.66125581008748
57.62883601668132,35.32514085020642,94.37015928202209,81.87402294840508,90.94295036858765,27.17175988981797,21.93893891962463,98.63499229441621,64.75230069145036
60.67150463828559,29.65355812876552,96.01356044054472,98.3567206513663,19.01287663187057,81.59557894152066,46.43502498821417,31.521673737728605,57.13230260446053
42.4130671302386,34.97032297458495,52.14596387214719,25.967083895041398,82.12501545597043,37.83156071652595,43.32509323090279,11.530109033904933,37.41859880418358
73.64442356247228,77.46535311811819,97.73079079915037,96.9723632797977,54.46308711071358,8.839696714675839,79.96918620027913,10.699126117462331,62.174280371534394
93.43670147690149,66.13706110704143,75.73102071344388,43.12338697915579,7.78565196087696,34.22255247789045,73.94746538841133,71.94599676699718,53.55627430209327
92.55685129067763,18.519556786746794,16.16714362369619,34.751879531375465,95.54481914380675,98.138333424128,42.63182939907013,85.45686640326409,61.17845121212841
45.08393714041321,17.410933533408436,47.690010646797,5.034952696935324,24.696116699189254,62.96835952592029,33.37042075756299,25.695229950846986,30.785144658318913
11.323804584075525,9.839564971339732,71.8331175372004,5.276525785960262,85.96453453526065,41.61609464061578,31.64687840614986,2.090951233523497,32.77565467159731
98.48411989623345,66.03027197013381,24.734031581908333,69.20112559466547,16.88100057845642,16.653851349727,77.3995087294009,22.30900184453558,51.58976390618183
83.88980864459342,76.43726622217359,64.06151835488873,45.79289944340279,85.39428821418528,98.61767972836948,5.2072406221269745,5.651569079675733,56.234036398140994
12.466268120326685,26.5046428325004,66.66004790466192,22.65216260361057,1.3228812905293985,82.08490092631287,1.2821649510605826,10.339493663004152,30.03658280352506
92.08418826173724,2.094496103091281,16.26997438085659,61.39703063252326,51.178045656948065,28.14773024509194,79.5544391926648,43.15081198476424,45.86781042383737
86.98963620621282,8.217166747642734,56.50853124527563,25.285811825011116,76.94425794215569,7.006869572118946,47.71463759890493,22.991837086163258,44.96373313206681
51.88380571260721,96.78600348450304,77.16269109786077,57.76317543444226,93.47955174927833,5.662555737755803,13.088113855357598,51.59458785254234,55.197255389147
59.127543574492925,29.544477747742025,49.88956645359419,35.92087469826903,90.92021362064871,12.037814950553383,23.556593459450127,25.349375325719038,39.1123215077953
39.90027038701302,76.92231478381336,1.2103116776107425,82.3552226611819,81.96248695476449,58.07685836144216,93.25039530973825,94.05373011029477,67.34092568152292
5.476163882203133,62.46635688542638,0.9038469079292177,82.06961607667793,88.8191349661304,92.87634212054924,85.9502975624898,90.59439679262645,62.7729399400068
33.519724164590095,38.19396396528959,35.702934397001215,47.73503981224013,19.92196858370765,49.674342800598446,70.97850502239726,56.6806105010466,42.367987127600856
80.28534485980114,20.56872621955551,92.6194068431782,35.08191093350156,28.418429571172876,84.29454824561972,48.22252303373266,35.44239919873861,52.160981411754946
0.4632023004602859,12.138641815940643,22.867677960360876,36.25597965590946,28.89685249210585,44.588661985980785,52.032362619138574,38.114688203473555,29.33054531480525
33.34991716911442,61.50129680388666,63.43636888716871,80.57145256682179,37.70539310016988,70.85835457678252,97.52445352839587,41.185228314449695,63.4509183808384
39.81686935909433,77.4633780637788,22.207587069332057,32.8179482797612,39.33206703851887,73.18727372865008,96.57704438842872,72.7579322134944,52.90183702671315
53.73956029379229,64.39042535411306,32.16699896595486,20.9059373706846,54.45553246546755,17.396370590333866,21.526904578583427,45.16389955188379,38.76436496425252
91.98556164127605,53.030213324915835,84.8042089601484,8.468834187530682,15.987976336644138,36.121605897581176,81.11045663053181,85.67299465058974,58.39753864296031
34.634599436596126,4.195122343163627,72.88614422699469,46.66931208844084,69.12466637859893,63.73021565380239,19.72426661670168,94.40947859303645,51.058622817150436
34.69532018962277,96.84887775943838,9.539927731321063,48.213209891984185,16.75665393045065,7.069660818436619,21.35374778839514,33.59461533789339,36.128732019809846
73.75012481097484,79.87141916545745,42.87020209864336,84.09087104029072,31.030848210454753,36.15401877629566,67.60930341645768,56.06944813756801,58.78208879750076
45.221794088980715,29.282203670096475,2.916976364526447,22.123869644606398,50.33451306061541,53.479946628119244,40.50010985875484,9.505653683256444,31.30153049049761
22.460482293998197,97.99703293588506,48.0890146603009,38.099127366839994,79.64405615234773,99.62244930446387,93.15444071065203,20.0469047766359,63.57384761916714
45.24395161326934,60.18815896363221,66.24340117010681,80.8405738893691,73.94692332387272,47.45335626224407,8.900973489600883,41.34657667101601,53.219117052791596
14.085702037979985,58.24226582072465,11.850262359815156,82.36236107489735,64.55343564105223,81.60567571143235,51.152564080949304,20.620271590177886,47.27824981306768
17.63869865062233,74.8073179429532,28.888493890916568,38.46110759787682,15.577326058017016,43.206728506661776,91.85215304431212,87.65604907887176,50.793272425451704
49.83677727394797,81.17697880901376,39.783662550215695,45.91240232866809,54.70453456155777,79.6390722619709,90.41136604795051,15.828625605909806,55.85662084347103
41.89254495045479,65.64786073315027,91.95310246560497,30.328589084928293,8.744650179988545,59.54148016201084,15.652921341574121,45.566082155309196,43.69354958008898
91.48459010681,12.809574636620003,99.32550154229641,93.2554878419312,37.73631767966508,88.65954415023984,36.663770009645646,60.56992404598757,64.00710070811824
36.23938991166331,33.82675059944984,4.491129899561585,11.864376574158031,41.35165302899592,41.09425523501099,61.912140004669624,69.18639081608444,40.20189907903203
58.05883502780434,92.80836403260497,76.1007923495392,93.374942300147,3.9811439445753827,60.43044198214788,15.939488477140218,38.306936972650675,48.433085423854784
63.22642879195304,22.461561184385193,37.17240664023432,68.38664518353433,27.398809946997183,63.00186806188274,96.80221720457386,86.90990687247286,58.96117815528008
1.3094456588333636,37.21670238375133,39.245818622948,53.15721526867312,95.56494672664894,41.73829418004733,91.47493287276603,56.831915107792554,52.135952481083024
66.35373720167107,43.2076882944196,75.42649733470228,3.2659060784495875,95.36326078296895,14.431204368748151,16.695017903446917,43.95077804475518,41.47502033266897
17.803596686975144,43.940498969445215,91.84264321454087,47.55961918220083,35.23270542525393,9.355940691233556,12.115546126098542,6.724063405203662,33.69128027089097
96.10703174694551,61.29395824945255,95.09285945025483,40.774810500273226,4.310010894832406,1.66715505996331,8.54084828082653,46.4689468445165,45.23345661204618
14.866272775311295,94.30758377447076,57.712258603832076,16.121881197512256,17.909493932818155,87.35342642452146,90.94436640366311,82.07358408157303,58.84038686192756
41.462412372702374,24.069271183250496,35.71211593005028,65.6409603500657,39.221779343354015,23.647491223869455,19.362380979546078,61.45410182213155,33.51765802453134
8.534966807864386,12.150137630091805,78.75490858587793,97.11509073682858,94.77796979692297,21.150674928176805,41.62849285443547,83.21624537291183,57.39883966284759
99.68742518459473,19.747048985993732,25.100138326230027,56.218881106452514,14.119906353718491,73.60354004260655,44.8851365652003,49.401167059930565,46.36993204372118
50.21950103312426,88.69249002092695,56.40740288335178,71.47532764439458,76.35158436682123,32.00161130873917,59.901104421356756,11.846170509448184,57.235034517026726
59.53850173200438,64.5810812655206,35.85784615248732,6.845045256601678,10.868253937469207,50.60446924118366,7.173534374742497,1.363984583588107,31.086237129314256
6.7076477388427485,28.590678923916013,65.66310737078761,41.76669958169947,98.12575773912768,16.25110652974563,22.675861740051594,30.321954671859118,37.00945761576514
74.99604703991778,81.59469389686173,24.03989128935069,11.635848516449588,38.161649910913496,95.97457214619692,93.1490386918926,69.79904714977924,62.489768484873366
20.990559309558577,86.1369996363436,19.159294573482576,61.27958355365104,77.5234538899056,85.15814000172374,90.84101072685695,79.02599039416938,64.2433925288867
89.80542894407138,84.6514338690278,91.8239086675437,93.84821582141547,34.259108281113186,86.37896229650033,78.12906474056922,29.575283462032942,69.41617140160795
20.513964048200716,91.89265336395545,10.18036829495369,66.17777324716386,62.76688771588087,40.67737485720052,1.9401245618215435,49.565392088324714,45.29980112324323
19.068772066366655,25.224102017336158,50.595790773493164,7.680304831442153,19.201608474003674,76.23612137071729,32.70067684961021,42.111890443408164,32.55231842726471
3.654966784809488,75.50419287462783,22.085278296300892,35.466620498508284,14.602101929696254,14.387615538978016,62.79587353429078,41.05227843514279,31.984629061068187
47.206694510999924,46.053949727414,3.892996332566745,55.066337944085156,93.80641395681313,0.8619002591780278,27.519021177347568,23.134871320015048,36.386641417479005
56.48411332626164,84.19985528900615,3.601881829142639,40.320775613325225,91.76472779044335,1.9972932578028124,90.95866950537773,13.637110502945838,48.415026839942946
6.570863942835237,72.84906771616131,17.522177210582733,83.36440104751723,88.74689402128824,58.660173740456045,63.38894618324419,19.668855823121312,51.23188163900658
77.55276166950105,77.64474464997247,86.67703545060003,81.46710047099891,62.543345016659345,45.53949052479408,7.19067173164456,5.53323871633461,56.61468237822748
45.32888347480276,65.61618376810715,28.247874397702667,61.183102010322145,80.82682112162783,51.801534890851975,90.9005588835703,19.813074182357703,52.78577535811049
52.439026932758004,17.742876946970686,95.04591705752958,37.345794513270526,6.903693691137491,0.7463140417219405,95.77666581762226,0.9200897625379456,36.88027460458209
44.07627469382282,54.502691889693835,58.16222929891936,25.533637376324414,33.47890418906792,42.268661965742574,7.771241839172549,62.72584006359783,40.83294101989959
40.0763060875326,98.46697395245081,43.66141897687661,10.587431821312931,31.37031247571562,71.80681612008608,53.23602348613149,31.637540738768287,51.40112754267671
55.96403313082179,93.73880664971189,58.00888346694546,35.4897683486554,63.56453219526132,44.26937019674359,30.336428221417044,97.31447114269086,59.60816159220341
15.52402459307125,4.317373579701167,51.669838522626776,41.31725172077195,35.59577734706405,73.22192063122223,39.283907648140236,19.371705077629787,37.20816941735169
18.19281304952711,16.481481572943714,75.87762537573252,67.58229251040736,14.85067816436808,23.30189643968348,17.965121795534188,34.58285703095939,33.681456079963105
86.17856210135173,13.172877345456191,28.249606597285226,65.81598242975734,59.646707541354374,81.31420044817254,57.807210201241254,35.78411586415332,52.52884054122136
94.61154621336327,72.59799099852955,35.30503916003024,7.0108139641256955,81.43839206690815,58.84312404534523,95.79793532488907,0.845149606246054,55.31280007420079
37.330931627975296,81.77853298569451,89.40943025332507,39.525931543115775,38.21234944599732,21.076309942990623,50.30726002716091,83.9207953039459,54.85835321721792
27.074467314355378,21.35113663106719,94.64565131504055,18.177886721736193,13.22687150984817,23.672047585383293,8.291458139448116,3.199446014432472,27.412162131835398
64.39995432390158,50.5852692951829,89.25582274864745,15.68127053168057,19.668819731282305,62.8030464569537,62.000133347740835,94.01798347292414,60.05076002369229
40.87341710980964,84.07030280112,41.94479939573136,82.73021497372459,23.7483305169384,82.99395932124433,34.022299445125704,89.20743510936207,60.66820652950465
2.538635566034486,73.28015447662506,78.03655030068816,4.191521671625753,29.989759299453624,41.56277820291552,85.59251895912978,53.55219160859635,48.4671691181171
15.615259736619036,54.223720549184826,47.63357333010988,41.91828759021213,64.27950705063091,25.83004291275922,43.467814831647026,54.35955749112921,41.48639096127715
71.59722288473975,59.03476904587729,49.75398521461022,16.82036557665182,60.0945484537719,86.70116069106004,19.28396089422456,65.37779229561563,52.75371461444083
65.89239419101514,50.83605469162799,20.468010905728395,87.9330215678474,69.60798615670392,66.9268291750835,19.110562269114496,38.7050011934887,50.98637745041087
2.709599250348349,29.754845131882057,59.113030325851646,55.704051327503514,36.25019845315131,44.80854872830765,76.87641807211604,64.72222833978554,46.87125413536797
22.197216193294945,56.50219928590161,18.613589775334795,23.1380636376848,82.39976518799783,48.790019527930184,26.55875983073599,4.476838868848687,34.61663976810728
23.10747965880714,68.88853020500906,33.15646990671938,50.24272871663764,20.40876611557603,20.42564679363964,76.7233394159223,5.404762734972657,38.75426131747887
67.18927435987284,87.33229158608077,85.50302016199352,73.14863597031159,46.90407475181539,62.680263006484395,20.58873107665994,45.723041961954436,59.27166318613173
1.9710537754364155,63.629135397924806,20.707580921085523,95.81180089194338,80.09387215414303,35.87425105428886,32.16863687013094,54.96223011060349,48.23838209358713
10.410858198457385,76.1121537043158,7.115828517343282,22.044600424541894,18.015864773261924,99.56451766743493,46.54869724396994,88.7817640335819,47.4480013923879
79.99160853731894,16.0071634954573,6.90075926128163,88.61817721293451,10.986311374078294,48.01835152618879,94.31958496934507,10.466063390789627,40.28289692084305
17.85446620543336,46.15574744197899,94.07845205031079,93.43041141674902,88.36839676879897,48.58856061896132,93.17314247538246,82.26479271938894,74.73250882678589
65.27461078518748,0.9331619827093296,50.69204379618346,91.64205445320663,34.29296627591959,56.58517874106719,20.68718754222878,21.004733729206958,42.07268839345393
23.81827810467265,24.667886452162303,40.941207181701834,63.54143568619099,68.3870124909032,91.67560031187467,35.82190412430728,39.408364851003185,44.482631322999666
9.944139275934516,72.64617151130048,81.08785810079185,62.982065443470766,2.534860426393848,80.08180998597503,14.939938845377231,31.66024348274129,44.8008236811517
24.317219099945408,99.18099513493634,83.5825927910516,40.32106331838228,69.00468884094497,45.113006979784146,50.998507931349714,40.0155272865399,56.63358710881309
72.22669318556592,9.917809958721591,33.21910331156046,75.23978823037879,31.61013115469705,71.8699265972796,46.05825506946666,15.049549807258556,44.23511840522109
85.56964681062857,40.14943158612883,69.36180574737952,53.12940183509319,5.574085358744174,58.62354987807616,90.07601624507325,50.357007440355495,58.587500338538234
83.02198645669915,80.00709686991596,77.11228158518865,67.74380712282945,60.9812761548117,49.23670487012489,93.00053777910726,80.16425898313673,75.40338367058084
39.71835296184548,20.403563462889885,65.46506868659546,42.84579038487954,24.080381607317324,19.231577278435054,38.35673910072921,44.153401037889694,37.3776116971204
66.80851365706462,55.50849493022862,15.159507480009937,73.14964640431391,38.680724205188,46.39362634548909,49.173794301898944,49.061357589819906,50.142269382144924
20.498429541582098,73.30712960296748,87.5883083517057,82.4471517604549,8.058081228651359,24.581858702257463,89.62362491461332,84.87675852813142,58.663950929919295
29.314773026101328,61.5985450260179,53.90945527360087,14.64362566028161,14.716325109494532,91.48421498516547,80.67078077450614,70.60581146380308,55.66892311335146
89.63358185211197,18.802473461541613,28.24724263700037,83.2929715574228,29.797723549584376,33.540681349634696,0.3656311344649277,49.04544085197847,38.63232626250187
1.3001923510736035,35.538456868573945,42.52281854376939,54.029653179030724,8.975950056015714,95.22640145333723,32.00595641835825,25.769564818917967,37.2004275595664
8.550853085446807,78.37917844853972,3.757109039890738,84.46659090902243,91.08262646863152,53.30552900947112,42.17742419361259,88.49267468449666,56.406547492266505
20.78862551460273,55.42265141320166,12.786680122241755,43.13017063410146,0.6047043183978418,63.15443786761603,22.97162836832317,57.702040169055834,36.19667811307174
2.6532203873819715,0.5229613542912737,76.55467505158609,37.904048538303506,48.38602188643114,54.29404444893278,19.957161589593873,22.11476101106934,31.110654028598947
18.143543508979732,76.09907600280938,0.0011634755366141114,91.50607325172224,12.324745813255145,12.93806169667009,3.7784506595679668,26.911975263801036,26.7255410042497
58.304156096969216,3.531135494023907,41.65658284822922,25.11692675484013,30.767908947794854,37.5821219007941,64.33697250697605,80.3133088936246,43.0147852126029
42.1424550592498,74.57337827312321,52.251018108558846,84.42123252861431,92.60595598182655,9.914611227762393,26.251029048316564,4.414556208745546,48.88424053896187
89.26717110769748,20.24805601652374,5.4634420000972295,48.40205725094041,16.169455327398687,62.29540441833817,5.234717843131309,99.20921870288201,46.265389152271425
81.7443561738441,95.80734801193802,97.30781629723329,51.40954425512597,96.58323197183326,44.68741952004389,23.097931052806363,13.035167971479177,60.41837781413783
34.1817351697876,36.79407513020845,22.612533124967193,30.8468281489484,20.579437698942172,77.79849715709368,80.19139528361265,79.60685253969373,50.13580681509016
25.94234334312925,32.69316163380791,30.419871963628086,57.30422006190157,74.15661084668295,22.047048099936983,85.14891816465466,39.47753167716829,50.63354195191795
37.96924081672669,14.888805033244468,30.39425122550273,32.52111962762113,54.66772648973117,16.45660584293349,48.30662451933026,49.221618328746686,34.79771921043462
59.02949425148078,30.560421549021488,23.04166621173499,3.926941424165231,88.44787275967592,40.63322309637678,41.607067040868614,88.06505774645778,44.33208357098625
26.806364082287626,87.66507618282006,0.1473822086311416,27.199860534435604,55.399325550313094,92.65853832183811,97.78536935017817,41.291118958921324,52.8051806659314
62.4148907849134,99.63343376272474,72.93447940879963,0.6379043406590679,53.45592191563087,71.04218150124117,20.05646595880699,53.74937536732345,54.26859156475518
40.941165219124045,36.83095305068483,96.68454997992853,97.83547870568566,19.54580003683999,41.89236247929187,21.535928285460848,4.929966240916994,46.152101249755425
55.204718085198024,44.861063095454256,22.429348328504506,96.57472098197475,16.62293620516587,51.727216975431055,29.186717703639975,0.23474738674531537,38.42239413558813
43.61265291353167,72.2070938202737,66.30471918034225,39.5155297472305,91.64891511155142,8.421301117709834,17.275731828108732,24.47998730017259,48.54363844565977
29.44657595419177,88.61957804650746,74.18963269587151,72.8370854339646,32.78381988500341,98.4575896376113,37.93655982041866,68.05830929187672,60.56207921566455
94.84533069621567,59.304433418678414,84.84253790905247,34.580609841042495,37.20822549628959,66.6407304694919,91.08342269897538,12.126489335913671,56.600562178861836
76.36057941597608,39.15256981778293,42.262919701360914,67.1093157085976,75.98236584283885,28.540406846342247,61.534784062857426,11.376195880454942,52.50331300810101
14.011317576645254,41.262184084862376,30.293090564042924,80.54300430459791,33.882348242280734,58.58083942152443,41.19465486122637,41.096060803590326,38.05869541993389
86.84679758979128,69.56181464968068,32.52951340230311,94.67562446922408,95.20624466390028,10.948236606899398,93.44107945712148,64.78370386082265,68.09086729972243
48.743119824951364,0.32182636042786816,71.26213330985128,40.0212275849672,73.79277689988002,96.58366688075836,4.846423247582232,71.20719922479304,57.08265892506751
89.45522268940914,61.95893374598407,81.6779466505636,78.32979829560477,59.742924257342,17.478498788336594,21.027617790186138,17.84506740983748,53.41541409748812
79.98552559473153,35.54930104413574,18.161396775660265,26.59284506321188,88.08951605447525,64.80303180552141,56.5888605101759,7.958814737204245,44.97462614674703
42.52135044692334,79.41973312770843,37.09410081577652,99.03323037936484,4.960590834948276,24.545446253893044,61.55526231931792,94.03970339455442,55.281382268987265
2.24693083201174,9.299063982313216,90.19401967491501,2.5769598764351143,25.706269218920873,71.75613826485358,3.9557506562613143,26.066638256210172,28.87361976800106
26.867735938494608,58.82022669483905,80.66935196947392,60.3528806501121,46.50363342209099,77.68213672402811,40.30387579071322,85.33464976087238,59.88811124953428
54.16342146608669,48.09728898861238,98.48584027624759,65.95059816513272,22.6978539471521,67.34197289114327,64.91539648308728,86.34914504628183,64.82471562228721
63.347821982614725,64.23255259052274,75.42482596820807,68.80455570741289,74.39051873021519,61.44994602551925,69.80705464034016,77.25225917625444,67.26046951590045
25.788768543320227,6.485359448296835,39.319520102792225,12.038757878908902,91.92080310537251,89.24690939520117,63.813990251626926,16.88336066525701,46.56227978432056
13.935607407282413,57.99837874281313,59.06378339946377,93.85297834731304,42.37701199309234,7.862671098975804,32.05632243609246,82.18014592542004,49.15609098755186
83.4930236799299,56.14845879595237,66.10142542473203,18.11832790500828,34.2132600111895,33.09147657801952,9.352012359790951,76.92505592415867,48.63396817765125
98.44021807035521,56.06600944161709,7.845581631712395,62.27534032398411,96.15507321375662,24.828747963084595,42.71124464193341,59.67229901062171,54.74301548762186
52.56901823026858,60.34876665964548,54.44969591038651,22.267607912308495,44.485243282754084,98.80139620654217,12.875443736805547,33.720203516895275,50.01243620594184
17.16792858483035,67.64679372263622,70.93208284726096,30.72164170212709,48.90484004492832,38.93897796668735,94.76236585206671,26.25086042665441,48.901581575772795
27.230732651936897,80.49889996807697,16.732130400106037,54.645854172812435,35.164987234190534,73.26126992403988,47.51708660226283,12.188921208035897,43.96009029716974
1.8390676547466733,26.982072012821433,78.06317174255571,41.719341856457646,90.95484730121383,68.47251638810046,31.725917435686757,50.975706690087144,46.97536798083449
91.4298806560499,82.5049410180062,58.37727805141116,16.02256009765063,56.89554832818507,21.208123747737773,76.63040711189001,58.52608755098465,55.70549006743517
11.775108289014113,49.82556822634536,95.22217856975946,17.093640242084827,76.21745871816447,23.899768021155133,49.79485925822639,35.93389905157872,46.34672065994682
57.651647551425356,7.705827913433117,4.24222982068917,41.814478816279966,81.18067183508863,28.12845635530341,31.003402401245005,47.53590676808685,36.52061402227917
27.4055220687206,5.85509292439792,26.5326137555467,75.72829782755008,34.18490419172582,41.112727825937924,81.19677423908017,36.35144573692667,39.33827614622698
55.417800251579344,33.42383186960608,60.15538792998241,89.79646468477885,43.369433132038004,23.43250656505268,86.7152151001122,64.10060573207012,55.7650389740984
65.14203883518643,78.48969771114676,29.65599122059307,8.412766225938284,84.84717744062647,1.9651482746847804,67.3008166288677,90.12592077965633,54.64035078302232
82.97418037072016,70.76809347409157,71.44241640712423,39.310390755940105,36.32553516758102,87.93930568071954,4.6964422407667294,16.39202620469449,49.97297306529751
20.64212717606032,78.86149646724064,75.9005282521931,10.024556372287662,79.39351334518513,96.5609831380884,56.632288016653206,38.14088099031234,56.78423685654827
1.0995828658480478,51.72690564416094,10.251596406647446,1.6592480632597884,94.09923225744372,34.15703870315679,76.32949119972817,14.08686039508613,35.456299942490574
13.688563006880727,44.01989979554906,51.38544642067677,66.17186826439566,62.3210373068007,33.85068794254729,13.650301208358218,62.4943770407832,39.61307485122835
90.00186418481051,14.745252670628394,50.889055559105586,60.24494419665878,74.16272874518889,0.7091812774370987,22.867075138460336,72.88705094885958,45.37114127939661
87.38900775625153,32.81927536093116,36.92807702155411,16.301911381488623,80.50973120411349,68.02506883303741,88.24951050681365,93.19127325974559,63.599287693987065
59.74131021703083,43.40193661738753,93.29248625696721,23.38128330930641,84.50396488966425,82.54398957486288,2.0121721853074037,27.887192626096493,50.62148323727248
60.051686043365336,8.860042967961723,82.75063198732212,2.370775364451838,39.505333785679596,14.660830036000316,75.2727137825976,95.02112058654302,49.42509164180103
66.50366745462554,22.061195271121125,69.72093819096368,83.49472056944037,5.126345917599817,15.966634936715074,47.37732925144229,6.32626718206748,41.50575155524801
17.53712786234496,59.82252940637388,71.43266357349975,97.46905960485515,40.187627123673956,79.00832499714377,44.677215883960685,60.30138633645882,60.242829181249746
91.44119459249598,73.56631142391899,46.17161438131191,13.545953679469081,67.37562297840898,61.629074835414464,0.7096532494887176,5.713271934332997,48.65863070898034
41.87705248920731,99.83475113929497,92.09945210965759,23.147521376529813,45.03503857807928,4.486055762771701,81.93982309664928,89.37741877619449,59.55846051056168
38.31385282494975,93.31133313435576,69.45954272532853,86.8409523946934,74.89631508603985,62.25469904622817,35.98249006365665,52.98090570700541,65.55277522458987
51.89177052828376,64.25651995351916,72.89810616558164,92.64637979561849,35.69824294686639,30.891772284376607,54.07656313005429,66.93483507627961,57.492971781880435
4.696596677505505,42.1248053294072,86.16909037873452,41.96273828068103,63.474414110402954,36.872515547084596,67.73006863356595,83.15739259104525,58.17819251929083
16.628336875607943,63.617736470823274,27.4071589342191,5.062247226907413,18.641980485397458,76.97314182968802,70.26295764379158,15.031062248396875,40.670345019226
73.80336164263704,78.56516180802319,80.7070903866703,3.93918336928194,74.93694366449569,81.09351926726106,95.59800588260723,3.8591561938133845,61.58656364588432
8.279866792512646,11.833619092338733,19.524060295649203,57.39498660690104,54.56959688130259,40.03566268398306,53.13399532366091,87.88811459128522,42.35566024326455
60.31521094663882,40.99048896962883,34.53419522448878,39.2895108893179,20.40643885466006,94.71529360063548,39.97195509744276,31.49332274589325,47.93314723981785
24.534910968132095,83.98022856356172,33.56104542698427,2.8652427577654516,29.191117349780725,40.64627179520722,95.37036264917079,12.897890792716527,40.086604778286635
38.929561404197656,38.3832951933044,97.85254683891405,58.32523923125568,74.86087085818323,77.18360352301099,64.21102350255211,46.84612370870865,60.76078489091644
28.869373677069987,57.18722712271865,85.65372237479268,1.1302536589022472,48.26012356615207,48.38772645642591,29.81503562765556,59.83060756960188,46.63973825867863
35.567271646494916,58.77693608621982,70.11698615902597,78.73719581492729,21.60314403930722,89.7532326522084,12.646424540357115,3.0970603422510123,46.44415990226631
71.90459051842456,18.447625313363936,72.70567616153902,30.643282270337156,96.72711903702977,90.77612436501786,84.25545014651813,27.489565825708773,61.98466810403292
29.7121715623175,36.22354416522884,56.20727944025711,4.02580030092321,71.51250198168879,8.741680787108386,36.21816027941516,3.2799874276896013,29.071598056942644
56.64046402968972,33.451128874193216,94.70906671085191,58.835222098315334,95.71348325397962,93.64933313102257,66.04697213644312,42.0335389195499,64.19955684752888
47.60504021990997,2.6196708532064794,49.62587528823615,39.76844144330547,42.71050453603432,82.55348415204156,47.08164193658981,89.51000290662444,50.65661748675172
66.36711653626482,2.4191763891355245,38.05177098698945,97.38004133571495,47.51003406917205,79.13107143126669,19.892977979503833,98.26524114935692,57.93710281766393
93.6829739324758,83.16970436757735,16.3035336931591,54.41986625037022,89.79552161850192,20.091133968552242,60.16866086204651,63.70475535036275,59.71540525722865
73.25720972102503,27.30708099728124,78.6205652261058,27.52391810370083,52.504934024538464,80.51192087546649,6.068306895068232,16.16376937845918,48.11757219182339
21.494037859075675,51.80787662388154,73.44439320755914,70.94388646339748,70.72789119056672,85.01327346850368,41.334245987119225,90.58493899993057,61.760985324173156
3.1183135061284672,29.872557358877305,38.43550385241349,27.149200254271133,25.217287749552998,28.915033445415094,54.661493966367104,51.62478232000605,30.264862646697114
26.22640442998251,94.06792451153404,2.519341395922936,90.42432914075651,44.67264687026405,95.22600783623237,43.604697411857906,15.374931210291809,51.38007473646301
59.507793070025485,25.929675886577375,83.89973277180107,37.47219705073764,12.34498658103551,4.986014639916425,74.86721752509908,92.17266694516614,48.73235040809226
5.1425813484250344,42.96568127389351,1.1417983454073632,54.98685627762052,20.59800358769617,14.990925324713967,82.79249545453125,75.7469050723103,38.83559329824521
49.636624720123635,87.27302504846018,70.3699779629051,5.0573103824228856,0.0943415267631087,53.75811380515143,77.1243074033178,73.17052727231516,50.510602867054445
59.68428489168892,84.19335667918087,97.02571097260571,42.61212379522308,3.926505164866023,57.579247112230966,3.881294781180211,70.91807037944046,55.21376269568182
33.424389081696084,18.610141784627732,43.766132814820345,83.2363539660995,97.72838231769293,64.51500833009034,19.41287704459722,20.03398210964423,51.524742356175054
77.09122037458219,80.26433097957104,23.497340499595275,80.56488053633419,24.23536951367623,1.6969129315466458,53.66075092637743,21.100669170752607,45.18564631261778
10.65982531337718,45.81868867378927,70.48710100433817,22.431855885352626,66.33107095040019,96.03667746221302,93.48220404438013,68.8292998427255,61.759011237440646
7.513778173580876,48.29688720853552,81.71281420155852,22.60790710105627,83.90996987996115,4.458809273414399,83.49567750521169,21.972275011039688,42.13302065304425
72.81887562036033,13.347997241594378,54.64303160778473,81.73053122132367,55.066045923656425,14.306195272340238,84.25345083518016,43.86716968030488,54.65460525768193
49.549131620619846,8.060151375712465,96.70352752561462,93.03984201693255,15.31445000839562,1.401451752605698,30.32081937596749,78.20018255939414,48.66824734652422
68.84023964277361,72.79393069737652,5.166872165796111,9.536092127300355,72.81164373361663,56.685843329409465,42.94478970787026,78.3952518097841,52.62370746212064
43.48273386037462,49.646115235529976,50.479559830452814,45.005863942622526,60.025141009958304,93.22668839209723,47.070594731593744,45.326177252585964,54.25173310416131
24.640203323910683,43.68507026151796,71.845394732255,33.745427896422896,73.12505893473751,66.59471660804643,15.737158334991042,79.21899382752451,45.16550510744169
81.91023176741997,72.95082286523967,86.2640471149179,87.06884554574394,76.97466228570872,82.26574684804274,3.1068130244456316,83.86217961980567,70.51696434661127
79.94158789689793,76.55128989911097,17.925561190779003,8.352491468001876,97.54103676847451,1.3281203458580082,94.69028994605169,65.47757512842603,53.97416204508079
69.46964708544267,15.890816766935355,80.00034817636814,21.112594255803742,57.356328002671,54.20152984797261,24.07125856635067,22.842585230842015,41.16162861542732
27.21451372299627,61.02251494776413,55.27070757185453,75.24683375864943,34.164111269060186,45.95629775055219,23.99489037236313,27.401178038554754,44.028366938068466
59.023066686908706,13.535408227768553,39.65536819899632,5.129384898121558,64.8464556900237,49.8967944220793,8.337905376875954,31.484115540873535,33.150635489163484
36.09738969400268,75.13750860290457,13.171502857909356,49.25353807142893,6.844070924262613,7.221318533518795,92.85077519437786,11.6804107733952,34.88284031194495
9.158207332663416,65.69551562671396,86.52957589089124,44.210703467972,89.73973183215863,68.44353610693075,57.9737114939772,27.315962036994513,54.01576767704207
91.73135754622427,95.6614621083458,15.727320817971535,33.44011789887487,11.938101133819679,50.322041485863444,66.70368571253539,20.951922431253212,46.87847517089056
13.68186309189614,6.895801635642118,30.978785920909925,39.457231531892376,32.784283788581824,76.51488498612639,91.15768872630525,45.532874980860214,44.36842525647664
95.02373538208025,5.705472115125431,29.004553196243688,52.99405869302329,81.57453806261209,48.52906340617154,34.56201689007895,90.84375478722649,53.45759895731523
44.600577295795574,28.218707469320016,87.14140341908544,16.136735838838312,59.731237833071184,14.938163622643208,62.15073111380841,10.448031675395807,39.390821120628196
